ID	URL	Fonte	Data	Motivo	Resumo	Título	Binário	Assunto	Autor
1	https://www.aosfatos.org/noticias/falso-lula-recusou-vacina-japonesa-contra-dengue/	Brasil Verdade	03/01/2024	Notícia falsa. A informação não foi publicada por nenhum órgão oficial, portal confiável ou agência de notícias conhecida. A linguagem apelativa e o tom emocional (#LulaGenocida) são opostos à postura neutra de fontes sérias. A falta de dados específicos e a acusação grave sem prova são fortes indícios de desinformação.	Presidente descartou a vacina japonesa contra a dengue para esperar a vacina nacional do Butantan, que só estará disponível em 2025. Detalhe: O Brasil está registrando números alarmantes de mortes por dengue. Já pode chamar o Lula de #Genocida?	Lula recusou vacina japonesa contra a dengue para esperar imunizante nacional.	FARSA	SAÚDE	Vinicius Torres
2	https://www.aosfatos.org/noticias/falso-app-celular-seguro-permite-governo-acessar-conteudo/	Jornal Livre do Povo	26/12/2023	Notícia falsa. A informação não foi divulgada por nenhuma fonte oficial do governo, como o Ministério da Justiça, e possui tom alarmista típico de desinformação. O aplicativo Celular Seguro tem função restrita a bloqueio de dispositivos roubados, conforme descrito em canais oficiais, sem acesso a mensagens ou conteúdo privado. A linguagem exagerada e a falta de links oficiais confirmam a intenção de enganar. Sempre consulte fontes diretas para verificar fatos.	ATENÇÃO MELHOR PERDER UM CELULAR DO QUE A SUA LIBERDADE. O aplicativo que o Governo Federal, mais precisamente o Ministério da Justiça, lançou no dia de ontem é, na verdade, uma armadilha para todos nós brasileiros de bem. O aplicativo passa a controlar todo o seu celular, inclusive todas as mensagens trocadas em redes sociais que você utiliza.	app Celular Seguro permite ao governo acessar conteúdo de aparelho	FARSA	SEGURANÇA	Não informado
3	https://noticias.uol.com.br/confere/ultimas-noticias/2023/12/15/e-falso-que-ministros-do-stf-recebem-mais-de-r-90-mil-de-vale-alimentacao.htm	Repórter Independente	15/12/2023	Notícia falsa. O valor de R$ 90 mil para vale-alimentação é exorbitante e não corresponde a nenhum dado oficial do STF. Os gastos do Judiciário são publicamente divulgados em portais de transparência, e auxílios ministeriais seguem padrões legais (ex.: auxílio-moradia de R$ 5.297, valor unificado para todos os ministros). A fonte "Repórter Independente" não existe e a linguagem dramática e imprecisa ("sujeito", "regalias") confirma a intenção de manipular. Consulte sempre fontes oficiais.	Esse sujeito tem um vale alimentação de 90 mil reais por mês. 11 mil reais de auxílio aluguel e direito a 220 funcionários ao seu dispor. Os 11 ministros do STF custam 700 milhões ao bolso dos brasileiros só com regalias.	Luís Roberto Barroso (presidente do STF) receba mais de R$ 90 mil de vale alimentação do STF	FARSA	POLÍTICA	Roberto Prado
4	https://www.aosfatos.org/noticias/falsa-foto-lula-dez-dedos-morreu-foi-substituido/	Jornal Livre do Povo	31/12/2024	Notícia falsa. A alegação é cientificamente incoerente e não possui qualquer embasamento em fontes confiáveis (médicas ou oficiais). Imagens públicas do presidente mostram mesma característica física, e a narrativa ignora evidências básicas de anatomia. A linguagem especulativa e sensacionalista confirma ser desinformação. Consulte veículos sérios para verificar fatos.	Circula nas redes uma imagem do presidente Lula onde ele aparece com cinco dedos em cada mão, levando alguns a especularem sobre uma possível substituição. A alegação sugere que fotos recentes mostrariam uma suposta anomalia anatômica.	Especialistas explicam fenômeno de regeneração humana após imagem de Lula gerar dúvidas.	FARSA	POLÍTICA	Tatiane Alves
5	https://www.boatos.org/religiao/projeto-de-lei-4257-2018-proibe-pregacoes-ou-que-se-fale-em-nome-de-deus.html	Fato Real	14/07/2022	Notícia Falsa. A linguagem alarmista ("INADIMISSÍVEL!") e a ausência de fontes oficiais são típicas de desinformação. O texto completo está disponível para consulta pública no site oficial da Câmara dos Deputados, onde qualquer pessoa pode verificar sua real finalidade. O Projeto de Lei 4257/2018 regula apenas o comércio em vias públicas (como ambulantes) e não faz qualquer menção a pregações religiosas ou proibições de falar o nome de Deus.	ATENÇÃO: Projeto de Lei 4257/2018 pode criminalizar pregações religiosas. O texto proposto por um deputado estadual pretende proibir a menção ao nome de Deus e a propagação do evangelho em espaços públicos. Isto é INADIMISSÍVEL!	Projeto de Lei 4257/2018 proíbe pregações ou que se fale em nome de Deus	FARSA	RELIGIÃO	Leandro Costa
6	https://www.boatos.org/saude/5-fake-news-sobre-a-vacina-que-previne-o-hpv.html	Diário brasileiro	28/10/2023	Apesar de citar o portal "Diário Brasileiro", verifique que ele é um portal falso, ou seja uma fonte não conhecida deve sempre levantar suspeita. A notícia, portanto, apresenta sinais típicos de fake news: não menciona nenhum Órgão Oficial de saúde, usa termos vagos sem Informações Específicas (como dados, estudos ou porcentagens) e adota uma linguagem alarmista, com afirmações absolutas como “não há qualquer evidência”. Esses elementos indicam falta de confiabilidade e ajudam a identificar que a informação pode ser falsa.	Até o momento, a eficácia das vacinas contra o HPV na prevenção do câncer do colo de útero, não foi demonstrada, enquanto os riscos de vacinas ainda não foram completamente avaliados. Atuais práticas de imunização do HPV no mundo todo, com qualquer uma das duas vacinas contra o HPV parece ser nem justificadas por benefícios a saúde a longo prazo, nem economicamente viavel, e nem há qualquer evidência de que a vacina contra o HPV.	Vacina contra HPV não é eficaz e não serve para evitar o câncer de colo do útero.	FARSA	SAÚDE	Júnia Andrade
7	Minus	Observador Nacional	20/08/2025	Existe uma regra institucional e de política monetária que impede isso. Geralmente, o Banco Central do Brasil opta por figuras históricas, animais da fauna brasileira ou símbolos nacionais. Há também o fato de que não houve nenhum anúncio oficial – Notícias verdadeiras desse tipo são divulgadas pelo Banco Central do Brasil em seus canais oficiais e repercutidas na imprensa. Se fosse real, estaria em todos os jornais. Juntamente com o fato de que a nota de R$200 já existe (foi lançada em 2020), e o personagem estampado nela é o lobo-guará.	A mudança busca incluir grandes nomes como representantes, com destaque para nossa nova nota de 200 Reais que será representada por, ninguém mais, ninguém menos que o Rei ROBERTO CARLOS, também icluindo nomes como Pabllo Vittar	Banco Central do Brasil anuncia o novo visual das Cedulas Monetarias brasileiras	FARSA	ECONOMIA	Não informado
8	https://lupa.uol.com.br/jornalismo/2021/06/17/verificamos-mascaras-cerebro-oxigenio-doencas-neurodegenerativas/	Verdade Oculta	17/06/2021	Apesar de citar supostos argumentos médicos, verifique que não há referência a nenhum órgão oficial de saúde, o que deve sempre levantar suspeita. A notícia, portanto, apresenta sinais típicos de fake news: não utiliza fontes confiáveis, distorce informações científicas sobre o uso de máscaras, não traz dados ou estudos verificáveis como Informação Específica e adota uma Linguagem Alarmista, com frases absolutas como “vai ser muito tarde” e “o que foi perdido foi perdido”. Esses elementos indicam falta de confiabilidade e ajudam a identificar que a informação pode ser falsa.	“(…) quando a gente respira o ar que a gente exala, a gente necessariamente está criando uma deficiência de oxigênio no organismo e uma enxurrada de gás carbônico. Médica lembra que o cérebro é muito sensível à privação de oxigênio e as células nervosas, que são aquelas associadas à memória, às respostas emocionais e processamento espacial, não sobrevivem mais do que três minutos sem oxigênio. A cada três minutos com privação de oxigênio no cérebro, uma célula nervosa morre. Só que as células nervosas, elas não fazem as divisões celulares, ou seja, não se reproduzem mais, não se regeneram. Ou seja, quando o governo se permitir ser bonzinho e permitir que a gente volte a respirar, vai ser muito tarde. As células que morreram porque você está usando máscara achando que estava salvando vidas não serão regeneradas, o que foi perdido foi perdido (…)”	Máscaras privam o cérebro de oxigênio e causam doenças neurodegenerativas.	FARSA	SAÚDE	Não informado
9	https://www.boatos.org/entretenimento/faustao-morreu-em-agosto-de-2025.html	O Investigador	18/08/2025	Notícia falsa. Apesar de citar o portal “O Investigador”, não há qualquer divulgação em Fontes Confiáveis ou órgãos oficiais de comunicação, como emissoras de TV reconhecidas ou assessoria do apresentador. A manchete exagerada e alarmista, com expressões como “nosso eterno Faustão” e “não resistindo”, distorce o fato e induz pânico. Não existem Informações Específicas verificáveis, como datas ou comunicados oficiais, e a linguagem usada evidencia intenção de enganar. Sempre consulte fontes diretas e reconhecidas para confirmar notícias sobre personalidades públicas.	Apresentador Fausto Silva, conhecido nacionalmente como Faustão, morre em agosto de 2025!	“DOMINGO DE DESPEDIDA” FAUSTO SILVA NOSSO ETERNO FAUSTÃO ACABA DE NÃO RESISTINDO APÓS FALECER!!!	FARSA	CULTURA	Marcelo Dantas
10	https://cnn.noticia.pro/25902/comeca-alistamento-para-a-guerra-com-os-eua	Verdade Oculta	20/08/2025	Apesar de mencionar uma suposta fala do presidente americano, a notícia apresenta sinais claros de fake news. A tradução da frase “It will not be a world war, but it will be an economic war” para “Junte-se a nós pelo bem comum” está incorreta e distorce totalmente o sentido original. A fonte citada, “Verdade Oculta”, não é confiável, e não há menção a órgãos oficiais que confirmem os fatos. Faltam informações específicas e verificáveis, como dados ou documentos oficiais. A linguagem alarmista e apelativa reforça que a notícia não é confiável.	Na eminência da guerra com os EUA, a preferência para alistamento é de jovens de até 30 anos que trabalham em Home Office, podendo alistar-se jovens de todos os países que tem como ideal comum o patriotismo e o amor pela América. O Presidente americano afirma: “It will not be a world war, but it will be an economic war”, ou seja, "Junte-se a nós pelo bem comum". Existe um lado certo e esse é o lado da América, apoiemos o nosso continente!	Começa alistamento para guerra com EUA 	FARSA	POLÍTICA	Paula Ribeiro
11	https://www.boatos.org/religiao/papa-leao-xiv-revelou-profecia-secreta-do-padre-pio-sobre-o-brasil.html	Verdade Oculta	19/08/2025	Notícia falsa. O texto usa linguagem alarmista e exagerada, com termos como “URGENTE”, “em lágrimas” e “exposta ao mundo inteiro”, buscando gerar pânico. Não apresenta Informações Específicas verificáveis, como datas, documentos ou pronunciamentos oficiais, nem há registros em Fontes Confiáveis ou órgãos da Igreja Católica que confirmem a profecia. A menção ao Líder máximo da religão Católica, Papa Leão XIV, e a Padre Pio é infundada. Esses elementos evidenciam intenção de enganar. Sempre verifique fatos em canais institucionais ou veículos reconhecidos.	URGENTE: Papa Leão XIV Revela Profecia SECRETA de Padre Pio Sobre o BRASIL e o Destino da Igreja O Papa Leão XIV, em lágrimas, revelou uma profecia secreta de Padre Pio sobre o destino do Brasil. Uma mensagem guardada por décadas, agora exposta ao mundo inteiro, que fala de fé, dor, esperança e do futuro espiritual da nossa nação.	O Papa Leão XIV revelou uma profecia secreta do Padre Pio sobre o Brasil.	FARSA	RELIGIÃO	Felipe Nogueira
12	https://www.facebook.com/fakenaobrasil/posts/heineken-causa-impotência-em-homem-que-bebeu-em-excesso-boatovia-boatosorgboatos/499147117373884/	Repórter do Povo	03/01/2020	Notícia falsa. Apesar de citar uma fonte, o portal “Repórter do Povo” não existe de fato, desconfie de portais que você não conheça. A alegação sobre uma substância presente na Heineken que causa impotência é exagerada e não possui Informações verificáveis, como estudos científicos ou registros médicos. Não há menção a Órgãos Oficiais de saúde que confirmem o caso. A linguagem alarmista e sensacionalista, reforçando o caráter enganoso. Esses elementos indicam que a notícia não é confiável.	Foi detectada uma substância, que acelera o processo de perda de apetitite sexual nos homens, levando a impotência iminente. Baiano é o primeiro caso registrado no país. Empresa promete apoio ao consumidor.	Um homem da Bahia ficou impotente após beber altas doses de Heineken.	FARSA	SAÚDE	Sérgio Campos
13	https://www.aosfatos.org/noticias/falso-2000-corpos-mathias-velho-canoas/	Repórter do Povo	11/05/2005	Notícia falsa. A alegação de que 2.000 pessoas foram encontradas congeladas em Canoas é extremamente improvável e não condiz com a realidade. Eventos de grande magnitude, como o acidente aéreo com a equipe da Chapecoense, que resultou em 71 mortes, e o rompimento da barragem em Brumadinho, que causou 272 mortes, tiveram ampla cobertura da mídia e mobilização das autoridades brasileiras. Pergunte-se: Por que uma tragédia de tal magnitude não foi reportada por fontes confiáveis? Que órgãos oficiais confirmam o ocorrido?	Bombeiros e voluntários realizaram buscas intensas em um bairro de Canoas, onde foram encontrados aproximadamente 2.000 corpos. As vítimas estariam congeladas, e autoridades locais não forneceram informações oficiais sobre o ocorrido. A mídia tradicional tem evitado divulgar detalhes sobre a tragédia, gerando especulações nas redes sociais sobre as causas e a extensão do desastre. Especialistas não identificados sugerem que fenômenos climáticos extremos podem ter contribuído para a situação. A população local está em choque, aguardando esclarecimentos das autoridades competentes.	Bombeiros e voluntários encontraram 2.000 corpos em bairro de Canoas	FARSA	SAÚDE	Não informado
14	https://www.cnnbrasil.com.br/entretenimento/alcione-desmente-boatos-de-internacao-e-fala-sobre-seu-estado-de-saude/	Mídia Sem Fronteiras	05/08/2025	A notícia sobre a cantora Alcione ser internada em estado grave após um cateterismo carece totalmente de fontes oficiais ou confiáveis. Notícias verdadeiras sobre a saúde de personalidades de grande magnitude, como ela, são imediatamente confirmadas por sua assessoria de imprensa, familiares, ou pelo hospital envolvido, gerando cobertura imediata nos principais veículos de comunicação. Eventos de saúde reais e graves envolvendo artistas de renome nacional, são amplamente reportados e confirmados por fontes identificáveis. Pergunte-se: Você conhece o portal "Mídia Sem fronteiras"? Qual é o nome do hospital onde ela estaria internada? Por que não há nenhuma declaração?	A cantora ALCIONE FOI INTERNADA EM ESTADO GRAVE nesta terça-feira após um suposto cateterismo para tratar uma ANGINA. Fontes anônimas afirmam que ela estaria em RISCO, a família não se pronunciou oficialmente. A notícia se espalha rapidamente em redes sociais e grupos de fãs, sem links para hospitais ou representantes da artista. Especialistas não identificados dizem que podem ocorrer COMPLICAÇÕES GRAVES.	A cantora Alcione foi internada nesta terça-feira	FARSA	CULTURA	Sérgio Campos
15	https://www.boatos.org/saude/a-china-pinta-macas-verdes-para-vender-como-vermelhas.html	Consciência Nacional	10/08/2025	A alegação de que maçãs são coloridas artificialmente com corantes para melhorar sua aparência carece de fontes confiáveis e não é consistente com as práticas regulamentadas da indústria alimentícia. O processo descrito ele ocorre de modo e com propósito distinto do citado, é feito para realçar o brilho natural e conservar a fruta, não para colorir artificialmente. Pense: Por que órgãos como a ANVISA e o MAPA (Ministério da Agricultura) fiscalizam o uso de aditivos em alimentos, não foram citados? Qual veículo especializado em agronomia ou segurança alimentar (Embrapa, ANVISA) confirma essa prática? A notícia e o portal que a divulga é Falso!	Por trás do visual vermelho e brilhante existe um processo pouco comentado: assim que amadurecem, as maçãs são enviadas para centros de processamento onde recebem corantes artificiais e tratamentos estéticos para ficarem mais atraentes nas prateleiras.	Você sabia que muitas maçãs “perfeitas” que encontramos no mercado estão longe de serem naturais? 	FARSA	SOCIEDADE	Não informado
16	https://www.boatos.org/saude/japao-inaugurou-hospital-totalmente-operado-por-ia-e-robos.html	Grande Surto	09/08/2025	Esta alegação é falsa. Não há registros em veículos de credibilidade. A IA atua como ferramenta de apoio e é verdade que teve grandes evoluções nas mais diversas áreas e de forma muito rápida. Porém, em muitos caso específicos ainda não substitui de fato profissionais, até porque responsabilidade legal por erro médico recairia sobre hospitais, fabricantes ou médicos resposávies, nunca sobre algoritmos. Por isso faça-se perguntas como: Se robôs fizessem cirurgias sozinhos, quem seria responsabilizado em casos de deslizes? O quão avançado está a discussão legal sobre casos de erros robóticos em Tóquio ou no Brasil? Por que nenhuma associação médica global, como a OMS foi citada?	O hospital, em Tóquio, promete diagnósticos automáticos, cirurgias robóticas e monitoramento completo de pacientes por inteligência artificial. Relatos  afirmam que médicos humanos estariam apenas supervisionando remotamente. O modelo poderia substituir grande parte da força de trabalho hospitalar nos próximos 10 anos. O que será da Medicina? Se uma pessoa morrer na mão de um robô, quem será o RESPONSABILIZADO? #FIMdosMedicos #IAdominaoMUNDO	Japão inaugura o primeiro hospital totalmente operado com IA e robôs.	FARSA	SAÚDE	Denise Peixoto
17	https://www.boatos.org/entretenimento/roberto-carlos-foi-batizado-na-igreja-adventista-do-setimo-dia.html	Hora Formosa	07/08/2025	Notícia falsa. Não há nenhum registro confiável ou comunicado oficial do artista, que ao menos foi citado durante o trecho da notícia apresentado. Notícias desse porte, envolvendo uma figura de tamanha magnitude cultural, são grandes alvos de notícias falsas, mediante sua repercusão. Pense: Qual é a motivação por trás da criação desse tipo de conteúdo? Existe algum registro oficial em redes sociais do Artista? 	O que teria motivado essa mudança radical? Estaria o cantor se preparando para algo maior, talvez até mesmo o fim de sua carreira, ou haveria algo ainda mais profundo por trás dessa conversão?	Roberto Carlos teria se batizado na Igreja Adventista do Sétimo Dia, surpreendendo os fãs e provocando impacto na mídia e na sua carreira.	FARSA	CULTURA	André Soares
18	https://www.boatos.org/ciencia/estatua-de-astronauta-de-3-000-anos-foi-achada-na-capadocia.html	O Nacionalista	06/08/2025	Notícia falsa. Apesar de citar o Ministério da Cultura da Turquia, não há nenhum comunicado oficial confirmando a descoberta da estátua. As alegações sobre inscrições enigmáticas e acesso restrito a poucos pesquisadores são sensacionalistas e não verificáveis. O texto utiliza linguagem alarmista e especulativa, sugerindo mudanças drásticas na história sem evidências. Não há estudos publicados ou revisados que corroborem essas informações. Esses elementos indicam que a notícia carece de confiabilidade e deve-se ter uma grande desconfiança dos leitores para sua veracida.	Arqueólogos afirmam ter encontrado uma estátua de 3.000 anos na região da Capadócia, cuja origem permanece desconhecida. Especialistas dizem que inscrições enigmáticas cobrem a superfície da peça, mas até o momento ninguém conseguiu decifrá-las. Fontes afirmam que a descoberta foi registrada em sigilo pelo Ministério da Cultura da Turquia, mas apenas alguns pesquisadores selecionados tiveram acesso à peça. Será que essa descoberta mudará completamente a compreensão da história antiga? 	Estátua de 3.000 anos encontrada na Capadócia, Turquia.	FARSA	CULTURA	Camila Ventura
19	https://www.boatos.org/politica/tornozeleira-de-bolsonaro-esta-envenenada.html	Idependência	23/07/2025	A notícia é falsa. Não há qualquer evidência ou investigação verídica que apoie a acusação de que o atentado contra o ex-presidente Jair Bolsonaro foi planejado por ele mesmo ou por Gilberto Kassab. O evento foi amplamente documentado, investigado pela Polícia Federal e pela Justiça Eleitoral, e o autor do crime foi identificado, julgado e condenado. Se houvesse indícios reais, por que a Polícia Federal, o Ministério Público e a Justiça não investigaram essa suposta conspiração? Considere também que nenhum desses órgãos foram citados. A polarização política tem sido um intesificador da geração de notícias falsa, atente-se sempre que se deparar com notícias políticas com teor polêmico e confirme com mais de uma fonte confiável.	Dizem que o presidente Bolsonaro e o Kassab juntos fizeram a lojistica da facada no Bolsonaro. Alguns relatos nas redes sociais afirmam que planejaram cada detalhe, desde o local até a movimentação de seguranças. A noticia se espalhou rapido, com comentários e especulaçoes sobre motivação e envolvidos, gerando grande repercussão online.	VINGANÇA Há possibilidade da ideia da tornozeleira, ser o envenenamento.	FARSA	POLÍTICA	Rafael Lima
20	https://www.boatos.org/brasil/rosa-na-macaneta-do-carro-e-tatica-de-bandidos-para-assaltar-com-po-de-zumbi.html	C10 News	16/07/2025	A notícia é uma farsa! Não há registros oficiais em delegacias, boletins de ocorrência ou alertas de autoridades de segurança pública (como a Polícia Civil ou Federal) que confirmem a existência desse método criminoso. Boatos semelhantes circulam há anos em diferentes países e sempre são desmentidos. Atente-se para: Qual caso real foi registrado pela polícia que evidencia esse golpe? Como a escopolamina (uma substância) seria aplicada de forma prática em uma rosa na maçaneta?	Pode ser um sinal de perigo relacionado a sequestros ou roubos. Não toque nela e chame a polícia imediatamente. Sua segurança é o mais importante.	Atenção! Se você encontrar uma rosa na porta do seu carro, tenha muito cuidado!	FARSA	SEGURANÇA	Thiago Rocha
21	https://www.boatos.org/entretenimento/leo-dias-revelou-que-eliza-samudio-reapareceu-e-esta-viva.html	Portal Novo	11/07/2025	Notícia falsa. O Portal Novo não é uma fonte jornalística credenciada ou confiável, e a alegação nunca foi confirmada por instituições oficiais como a Polícia Federal, o Ministério Público ou veículos de imprensa consolidados. O caso Eliza Samudio está juridicamente encerrado há anos, com os responsáveis condenados e presos, e não há qualquer nova evidência que sustente essa reviravolta fictícia. A linguagem sensacionalista ("Brasil em choque", "corpo foi encontrado") e a ausência de fontes verificáveis expõem a intenção de manipular emocionalmente o público e gerar engajamento com base em desinformação.	Durante anos, o desaparecimento de Elisa Samudio foi tratado como um dos casos mais macabros e misteriosos da história criminal do Brasil. Sumida desde 2010, dada como morta, conversões sombrias e contraditórias sobre seu destino, a ex -modelo tornou -se símbolo de uma tragédia sem desfecho. Mas nesta semana, tudo mudou. Segundo o colonista Leo Dias, a história teve uma reviravolta que deixou até mesmo a polícia federal sem palavras.	ELIZA SAMUDIO APARECEU DO NADA — BRASIL ESTÁ EM CHOQUE! CORPO FOI ENCONTRADO?	FARSA	CULTURA	Renata Barros
22	https://www.boatos.org/religiao/oracao-de-santo-antonio-prometida-em-live-traz-milagres-em-7-dias.html	Brasil Brasileiro	06/07/2025	A notícia é falsa. Esta mensagem é um típico golpe de engajamento que distorce elementos religiosos para manipular fiéis. Não há qualquer registro histórico, eclesiástico ou teológico que confirme a existência de uma "oração escondida de Santo Antônio" ou uma "Quaresma do Padre Pio" com promessas milagrosas em 7 dias. Nenhuma fonte oficial da Igreja Católica (como o Vaticano, dioceses ou sites canônicos). O conteúdo promete milagres, enquadrando-se como uma linguagem apelativa umas das principais ferramentas da desinformação. 	Acaba-se de comprovar a existência de uma Oração de Santo Antônio que ficou escondida com as Elites Gananciosas pelos últimos 800 anos… Assista agora e receba essa bênção enquanto ainda está no ar Aproveite, porque a Live não ficará gravada e não haverá replay!	Quaresma do Padre Pio: Esta Oração Sagrada de Santo Antônio traz milagres em menos de 7 dias!	FARSA	RELIGIÃO	Não informado
23	https://veja.abril.com.br/coluna/veja-gente/ana-maria-braga-fala-sobre-rumores-do-fim-do-mais-voce/	Portal BT 	20/01/2025	Alegação falsa. Não há qualquer evidência ao decorrer da descrição da notícia sobre um comunicado oficial da TV Globo ou de sua assessoria de imprensa confirmando o fim do programa "Mais Você". Notícias, envolvendo mudanças de uma das maiores emissoras do país, seriam divulgadas por veículos jornalísticos de credibilidade e confirmadas por fontes diretas. Atente-se que "Portal BT"	 Circula nas redes que a Globo pretende acabar com o programa de Ana Maria Braga. Segundo rumores, a decisão estaria relacionada a mudanças na grade de programação e a tentativa de RENOVAR o conteúdo matinal. #AcabouMaisVOCÊ 	FIM do 'Mais Você'	FARSA	CULTURA	Não informado
24	https://www.boatos.org/saude/cafe-melitta-foi-suspenso-pela-anvisa-por-ser-falso.html	Parceiros do Povo	25/06/2025	Esta notícia é falsa e apresenta indícios claros de desinformação: ausência de qualquer comunicado oficial da Anvisa, uso de linguagem alarmista ("toxinas perigosas"), referência a fontes não identificadas ("especialistas anônimos") e o silêncio de veículos jornalísticos de credibilidade sobre o caso (perceba que a fonte é desconhecida "Parceiros do Povo"), expressões como "teria emitido um comunicado urgente..." deve alertar para: Será que realmente existe esse comunicado?	A Agência Nacional de Vigilância Sanitária (Anvisa) teria emitido um comunicado urgente nesta quarta-feira (15) determinando a suspensão imediata do café Melitta em todo o território nacional. Segundo especialistas não identificados, amostras do produto apresentaram toxinas acima do limite permitido e indícios de falsificação em lotes distribuídos em supermercados. A empresa ainda não se pronunciou oficialmente, mas fontes anônimas sugerem que a contaminação estaria ligada a falhas no processamento dos grãos.	O café Melitta foi suspenso pela Anvisa por conter toxinas e ser falsificado.	FARSA	CULTURA	Camila Ventura
25	https://www.boatos.org/brasil/ronco-de-morador-fez-predio-ser-interditado-pela-defesa-civil-em-vitoria.html	Federalista Institucional	16/06/2025	Notícia falsa. A alegação é incompatível com leis físicas básicas, roncos humanos não emitem energia suficiente para danificar estruturas e não há qualquer registro oficial da Defesa Civil de Vitória que tenha sido de fato mostrado no trecho disponível, ou até mesmo a mídia local confirmando o caso. A linguagem sensacionalista ("!!!", "potente e constante") e a falta de fontes identificáveis (laudos, comunicados) expõem o teor fantasioso do boato. Pergunte-se: como vibrações sonoras poderiam trincar concreto? Por que não foi um veículo sério que noticiou?	Defesa Civil interdita prédio após ronco de morador abalar estrutura em Vitória. Um prédio foi condenado pela defesa civil por um motivo inusitado... o ronco de um morador! Segundo a Defesa Civil o ronco do morador foi o suficiente para comprometer a estrutura ao longo dos últimos anos, potente e constante provocou microfissuras em toda a estrutura do edifício!!!	Defesa Civil interditou prédio por causa de ronco de morador	FARSA	SOCIEDADE	Renata Barros
26	https://g1.globo.com/mg/vales-mg/noticia/2025/09/03/horas-antes-de-morrer-na-ucrania-brasileiro-envia-audios-a-esposa-daqui-a-uns-dias-estarei-de-volta.ghtml	Portal G1	01/09/2025	Notícia verdadeira. A informação foi divulgada pelo portal G1, fonte confiável, e contém dados específicos e verificáveis: nome completo da vítima (Bruno de Paula Carvalho Fernandes), idade (29 anos), cidade de origem (Governador Valadares), data do ocorrido (01/09/2025) e contexto detalhado da situação. A linguagem é objetiva e alinhada a reportagens anteriores sobre o tema.	Horas antes de morrer em uma emboscada na linha de frente da guerra da Ucrânia, o brasileiro Bruno de Paula Carvalho Fernandes, de 29 anos, enviou uma mensagem de voz à esposa dizendo estar em paz e confiante de que voltaria para casa. Bruno, morador de Governador Valadares, foi morto em uma emboscada na manhã dessa segunda-feira (01/09/2025), na Ucrânia, onde atuava como soldado voluntário desde o fim de maio.	Horas antes de morrer na Ucrânia, brasileiro envia áudios à esposa: 'Daqui a uns dias estarei de volta'	FATO	SOCIEDADE	Caroline Del Piero
27	https://www.cnnbrasil.com.br/viagemegastronomia/viagem/museu-van-gogh-pode-ser-fechado-em-amsterda-entenda/#goog_rewarded	CNN Brasil	02/09/2025	Notícia verdadeira. A informação foi divulgada pela CNN Brasil, fonte jornalística reconhecida, e cita um comunicado oficial do Museu Van Gogh sobre o risco de fechamento devido à falta de recursos do governo holandês. Dados específicos (inauguração em 1973, 57 milhões de visitantes) e a linguagem factual corroboram a credibilidade da reportagem.	O Museu Van Gogh, um dos atrativos culturais mais visitados da Holanda, pode fechar as portas no futuro breve. Em comunicado, o museu afirmou que o governo holandês não tem se comprometido a fornecer recursos financeiros para renovações. Inaugurado em 1973 em Amsterdã, o local reúne a maior coleção de obras de Vincent Van Gogh no mundo e já atraiu mais de 57 milhões de visitantes ao longo de sua trajetória.	Museu Van Gogh pode ser fechado em Amsterdã; entenda	FATO	CULTURA	Não informado
28	https://g1.globo.com/educacao/noticia/2025/09/03/carteira-nacional-do-professor-dara-desconto-em-shows-cinemas-e-hoteis-saiba-como-solicitar.ghtml	Portal G1	03/09/2025	Notícia verdadeira. O G1, meio de comunicação com credibilidade, reporta a declaração do ministro da Educação, Camilo Santana, sobre a criação da Carteira Nacional do Professor. A matéria apresenta detalhes concretos: benefícios (descontos em eventos culturais e 15% em hotéis), público-alvo (docentes de redes pública e privada) e prazo (outubro de 2024). A menção direta a uma autoridade governamental e a natureza específica das informações reforçam a legitimidade do fato.	A partir de outubro, mês em que é comemorado o Dia do Professor, os docentes brasileiros das redes pública e privada poderão solicitar a Carteira Nacional de Docente no Brasil (CNDB), afirmou o ministro da Educação, Camilo Santana. A partir desse documento, eles terão descontos em eventos culturais, como teatros, shows e cinemas, além de abatimentos de 15% no valor da diária dos hotéis associados.	Carteira Nacional do Professor dará desconto em shows, cinemas e hotéis; saiba como solicitar documento	FATO	EDUCAÇÃO	Não informado
29	https://g1.globo.com/meio-ambiente/noticia/2025/09/03/o-maior-iceberg-do-mundo-esta-se-desintegrando-na-costa-da-antartida.ghtml	Portal G1	03/09/2025	Notícia verdadeira. O G1, como fonte jornalística de ampla credibilidade, apresenta a informação com linguagem técnica e precisa, alinhada ao rigor científico exigido em reportagens sobre fenômenos ambientais. A menção a dados mensuráveis (como dimensões, peso e comparações geográficas) e a contextualização com base em monitoramento especializado reforçam a confiabilidade da matéria, sem recorrer a sensacionalismo.	Um iceberg gigante que se desprendeu da Antártida há 39 anos, na época o maior do mundo, está derretendo em águas que se tornaram mais quentes, segundo os cientistas. No início do ano, o bloco de gelo batizado como A23a pesava cerca de 1 bilhão de toneladas e cobria quase 4.000 km², ou seja, 50% a mais que a superfície de Luxemburgo.	O maior iceberg do mundo está se desintegrando na costa da Antártida	FATO	MEIO AMBIENTE	France Presse (Portal de notícia Francesa)
30	https://www.cnnbrasil.com.br/auto/autoescolas-criticam-uberizacao-da-cnh-e-apontam-risco-de-fraudes/	CNN Brasil	03/09/2025	Notícia verdadeira. A CNN Brasil, fonte jornalística de reconhecida credibilidade, apresenta a informação com linguagem técnica e precisa, utilizando dados concretos e contextualização científica, sem apelo sensacionalista. A abordagem factual, alinhada a instituições de pesquisa e monitoramento ambiental, confere total confiabilidade ao conteúdo.	O sistema apelidado de “uberização” da CNH é visto pelo governo como uma forma de democratizar o acesso. Por outro lado, as autoescolas representadas alertam para riscos de fraudes, queda na qualidade do ensino e impactos diretos na segurança viária. Segundo Ygor Valença, presidente da  Feneauto (Federação Nacional das Autoescolas), a categoria não é contrária à ampliação do acesso à CNH, mas ressalta "que isso não pode ocorrer em detrimento da qualidade".	Autoescolas criticam "uberização" da CNH e apontam risco de fraudes	FATO	SOCIEDADE	Thiago Ventura
31	https://www.gov.br/pt-br/noticias/meio-ambiente-e-clima/2023/08/desmatamento-na-amazonia-tem-queda-historica-de-66-em-julho	Governo do Brasil	09/08/2023	Os dados foram divulgados pelo INPE (Instituto Nacional de Pesquisas Espaciais), órgão oficial do governo responsável pelo monitoramento por satélite, uma fonte altamente confiável. A notícia apresenta dados específicos e mensuráveis (66% em julho de 2023) e faz referência ao sistema Deter, utilizando linguagem técnica e precisa, o que confirma sua origem em um relatório oficial e não em uma fonte genérica.	O desmatamento na Amazônia teve redução de 66% em julho, mês de seca considerado mais favorável a incêndios florestais. Um recorde histórico, jamais registrado no Sistema de Detecção de Desmatamento em Tempo Real (Deter)... As informações foram apresentadas nesta quinta-feira, 03/08/2023, pelo Instituto Nacional de Pesquisas Espaciais (INPE), durante entrevista coletiva em Brasília.	Desmatamento na Amazônia tem queda histórica de 66% em julho.	FATO	SOCIEDADE	Não informado
32	https://noticias.stf.jus.br/postsnoticias/stf-mantem-lei-sobre-acesso-de-pessoas-vulneraveis-ao-sus-ate-adequacao-pelo-congresso/	STF - Supremo Tribunal Federal	29/08/2025	A notícia é verdadeira e de fonte primária. A informação foi divulgada diretamente pelo STF, atuando como órgão oficial e fonte máxima para decisões do Judiciário. A redação emprega linguagem jurídica precisa e cita detalhes específicos (como a manutenção temporária da lei e a exigência de adequação pelo Congresso), confirmando sua origem institucional e confiabilidade.	O Supremo Tribunal Federal (STF) manteve temporariamente a vigência de dispositivo da lei que garante o acesso de pessoas em situação de vulnerabilidade social à assistência integral à saúde, sem necessidade de apresentação de comprovante de domicílio ou inscrição no Sistema Único de Saúde (SUS), até que o Congresso Nacional faça a adequação legislativa necessária na norma. 	STF mantém lei sobre acesso de pessoas vulneráveis ao SUS até adequação pelo Congresso	FATO	SAÚDE	Não informado
33	https://noticias.stf.jus.br/postsnoticias/decisao-que-permite-acesso-de-pessoas-casadas-a-cursos-das-forcas-armadas-e-destaque-no-supremo-na-semana/	STF - Supremo Tribunal Federal	30/08/2025	A informação é verídica. A fonte é extremamente confiável: trata-se do podcast oficial do Supremo Tribunal Federal (STF), um órgão máximo do Judiciário. A notícia cita dados específicos (Episódio #161, Lei 6.880/1980) com linguagem técnica e precisa, confirmando que se trata de uma divulgação institucional e não de uma farsa.	O Supremo na Semana (Episódio #161 Podcast 'Supremo na Semana') destaca a decisão que invalidou a regra do Estatuto dos Militares (Lei 6.880/1980) que proibia pessoas casadas, em união estável e com filhos de ingressarem em cursos de formação ou graduação de oficiais e praças.	Decisão que permite acesso de pessoas casadas a cursos das Forças Armadas é destaque no Supremo na Semana	FATO	POLÍTICA	Não informado
34	https://agenciagov.ebc.com.br/noticias/202509/producoes-de-petroleo-e-de-gas-natural-alcancam-recorde-historico-em-julho	Governo do Brasil (gov.br)	01/09/2025	A notícia é um fato! A informação foi publicada diretamente no portal gov.br, que é a fonte oficial do governo federal, garantindo total confiabilidade. Os dados específicos (5,160 milhões de boe/d em julho de 2025) e a linguagem técnica utilizada são consistentes com comunicados oficiais, assegurando precisão e credibilidade à informação.	A ANP divulgou hoje (1/9) o Boletim Mensal da Produção de Petróleo e Gás Naturalde julho de 2025, que traz os dados consolidados da produção nacional. O mês registrou recorde histórico na produção total de petróleo e de gás, atingindo 5,160 milhões de barris de óleo equivalente por dia (boe/d) e superando, pela primeira vez, a marca dos 5 milhões de boe/d.	Produções de petróleo e de gás natural alcançam recorde histórico em julho	FATO	ENERGIA	Via Petrobás
35	https://sp.gov.br/sp/canais-comunicacao/noticias/obras+do+rodoanel+norte+alcancam+51+de+execucao	SP.GOV.BR 	30/07/2025	A notícia é verdadeira e foi divulgada pelo Governo do Estado de São Paulo, um órgão oficial e fonte primária confiável para esse tipo de informação. Os dados são muito específicos (51% de execução geral, 76% em um trecho específico) e a redação é objetiva e técnica, citando prazos e modalidade de contrato (PPP), o que confere credibilidade ao comunicado.	As obras do trecho norte do Rodoanel Mário Covas (SP-021), realizadas pelo Governo do Estado de São Paulo por meio de Parceria Público-Privada (PPP), atingiram 51% de execução no mês de junho. Retomadas com seis meses de antecedência em relação ao prazo contratual, as intervenções no trecho entre as rodovias Fernão Dias e Presidente Dutra, que será entregue no segundo semestre deste ano, já alcançam 76% de avanço.	Obras do Rodoanel Norte alcançam 51% de execução	FATO	POLÍTICA	Não informado
36	https://noticias.stf.jus.br/postsnoticias/stf-declara-inconstitucional-lei-da-paraiba-que-obrigava-supermercados-a-fornecer-sacolas-gratuitamente/	STF - Supremo Tribunal Federal	29/08/2025	A notícia é verdadeira, com origem direta no próprio STF, que atua simultaneamente como a fonte da informação e o órgão oficial responsável pela decisão, um fato que reforça enormemente sua credibilidade. A linguagem é técnica e precisa, citando o tipo de ação (ADI 7719) e a data específica do julgamento, detalhes que confirmam a veracidade da informação.	O Supremo Tribunal Federal (STF) invalidou norma do Estado da Paraíba que obrigava supermercados e estabelecimentos comerciais similares a fornecer gratuitamente sacolas ou embalagens aos clientes. A decisão unânime foi tomada no julgamento da Ação Direta de Inconstitucionalidade (ADI) 7719, na sessão plenária virtual finalizada em 18 de agosto.	STF declara inconstitucional lei da Paraíba que obrigava supermercados a fornecer sacolas gratuitamente	FATO	POLÍTICA	Não informado
37	https://g1.globo.com/economia/noticia/2023/12/13/copom-corta-taxa-selic-de-1225percent-para-1175percent-ao-ano-na-ultima-reuniao-de-2023.ghtml	Portal G1	13/12/2023	É possível identificar que a notícia é verdadeira, pois apresenta Fonte Confiável (Portal G1), menciona um Órgão Oficial citado (Copom do Banco Central), traz Informação Específica sobre a redução da Selic, indica uma Data Clara (13/12/2023) e utiliza Linguagem Objetiva, sem exageros.	O Comitê de Política Monetária (Copom) do Banco Central decidiu, nesta quarta-feira (13/12/2023), reduzir a taxa básica de juros, a taxa Selic, em 0,5 ponto percentual, de 12,25% ao ano para 11,75% ao ano.	Copom corta taxa Selic de 12,25% para 11,75% ao ano e projeta novos cortes em 2024	FATO	ECONOMIA	Ana Paula Castro, TV Globo
38	https://agenciadenoticias.ibge.gov.br/agencia-noticias/2012-agencia-de-noticias/noticias/43282-industria-nacional-cresce-1-2-em-marco-maior-taxa-desde-junho-de-2024	Agência IBGE Notícias	07/05/2025	A notícia é verdadeira. A informação foi divulgada pela Agência IBGE Notícias, que é a fonte oficial e extremamente confiável do próprio Instituto Brasileiro de Geografia e Estatística, um órgão oficial do governo. Os dados são muito específicos (1,2% em março, com comparações mensais), apresentados com linguagem objetiva e clareza, características típicas de relatórios institucionais sérios.	A produção industrial brasileira cresceu 1,2% na passagem de fevereiro para março, após registrar 0,0% em fevereiro e 0,1% em janeiro de 2025. Este é o maior crescimento desde junho de 2024 (4,3%).	Indústria nacional cresce 1,2% em março, maior taxa desde junho de 2024	FATO	ECONOMIA	Breno Siqueira
39	https://g1.globo.com/economia/noticia/2023/10/09/desenrola-brasil-governo-lanca-plataforma-para-renegociar-dividas-nesta-segunda-veja-como-fazer.ghtml	Portal G1	09/10/2023	A notícia é verdadeira. A informação vem do G1, uma fonte confiável, e relata uma ação concreta do Governo Federal (órgão oficial), com detalhes específicos como data e público-alvo. A linguagem é clara e objetiva, confirmando a legitimidade do fato.	O governo federal lançou nesta segunda-feira (09/10/2023) a plataforma do programa Desenrola Brasil. O lançamento dá início à última etapa do programa, na qual serão renegociadas dívidas bancárias e não bancárias.	Desenrola Brasil: governo lança plataforma para renegociar dívidas nesta segunda; veja como fazer	FATO	ECONOMIA	Isabela Bolzani
40	https://www.gov.br/mma/pt-br/cop28-aprova-fundo-para-perdas-e-danos	Governo do Brasil (gov.br)	01/12/2023	Fato ocorrido na abertura da 28ª Conferência do Clima da ONU (COP28). A notícia ganha um teor verdadeiro, porque foi publicada em uma Fonte Confiável (Governo do Brasil (gov.br)), citando um Órgão Oficial (negociadores da ONU na COP28) e apresenta-se Informações específicas, como a data (30/11/2023), o local (Dubai) e o valor inicial do fundo para perdas e danos (mais de US$ 420 milhões). Além disso, utiliza Linguagem Objetiva, clara e sem exageros, o que reforça sua credibilidade.	Um acordo para ajudar os países mais pobres do planeta a se adaptarem à mudança do clima foi firmado nesta quinta-feira (30/11/2023), primeiro dia da COP28, a conferência do clima da ONU, em Dubai, nos Emirados Árabes Unidos. Os negociadores aprovaram um fundo para perdas e danos, e as doações já anunciadas passam de US$ 420 milhões. 	Fundo de perdas e danos é aprovado no primeiro dia da COP28	FATO	POLÍTICA	Não informado
41	https://noticias.stf.jus.br/postsnoticias/stf-define-40-gramas-de-maconha-como-criterio-para-diferenciar-usuario-de-traficante/	STF - Supremo Tribunal Federal	26/06/2024	A notícia é verdadeira porque foi publicada em uma Fonte Confiável (portal do STF), traz a decisão de um Órgão Oficial citado (Supremo Tribunal Federal) e apresenta Informação Específica, como a definição de 40 gramas de maconha para diferenciar usuário de traficante e a data do julgamento (26/03/2024). Esses pontos garantem sua autenticidade.	O Plenário do Supremo Tribunal Federal (STF) definiu nesta quarta-feira (26/03/2024) a tese de repercussão geral do julgamento que descriminalizou o porte de maconha para consumo pessoal... Ao avaliar o Recurso Extraordinário (RE) 635659, a maioria da Corte entendeu que o porte de maconha não é crime e deve ser caracterizado como infração administrativa, sem consequências penais.	STF define 40 gramas de maconha como critério para diferenciar usuário de traficante	FATO	SOCIEDADE	Não informado
42	https://brasil.un.org/pt-br/263674-relatório-sobre-mortalidade-infantil-2023	Nações Unidas Brasil	14/03/2024	Dados divulgados por uma Fonte Confiável (Grupo Interinstitucional da ONU para Estimativa da Mortalidade Infantil – UN IGME) mostram uma Informação Específica sobre a redução da mortalidade infantil para 4,9 milhões em 2022. A presença de uma Fonte Confiável, de um Órgão Oficial citado (ONU) e de dados concretos confirma que a notícia é verdadeira.	O número de crianças que morreram antes de completar cinco anos atingiu um mínimo histórico, caindo para 4,9 milhões em 2022 no mundo, de acordo com as últimas estimativas divulgadas pelo Grupo Interinstitucional das Nações Unidas para Estimativa da Mortalidade Infantil (UN IGME). 	Relatório sobre Mortalidade Infantil 2023	FATO	SAÚDE	Não informado
43	https://sna.agr.br/o-brasil-ultrapassou-os-estados-unidos-tornando-se-o-maior-exportador-de-milho-do-mundo-na-safra-2022-2023/#:~:text=Nacional%20de%20Agricultura-,O%20Brasil%20ultrapassou%20os%20Estados%20Unidos%2C%20tornando%2Dse%20o%20maior,mundo%20na%20safra%202022/2023&text=Segundo%20projeções%20da%20USDA%20(Departamento,no%20mercado%20global%20de%20milho.	SNA - Sociedade Nacional de Agricultura	01/09/2024	Dados divulgados por uma Fonte Confiável (G1/TV Globo) e confirmados por um Órgão Oficial (governo federal) mostram informações claras e verificáveis sobre o programa Voa Brasil. A presença de Fonte Confiável, Órgão Oficial citado e Informações Específicas são pontos-chave que ajudam a identificar que a notícia é verdadeira.	Segundo projeções da USDA (Departamento de Agricultura dos EUA) o Brasil se tornou o maior exportador de milho do mundo em 2023, exportando 56 milhões de toneladas do grão na safra 2022/2023. Isso representou um aumento de 29,6% em relação a 2022.	O Brasil ultrapassou os Estados Unidos, tornando-se o maior exportador de milho do mundo na safra 2022/2023	FATO	ECONOMIA	Marcelo Sá
44	https://g1.globo.com/economia/noticia/2024/07/24/governo-lanca-programa-com-passagens-aereas-a-r-200-inicialmente-voltado-para-aposentados.ghtml	Portal G1	24/07/2024	A notícia é verdadeira, pois apresenta Fonte Confiável (G1/TV Globo), menciona um Órgão Oficial citado (governo federal) e traz Informação Específica sobre o programa “Voa Brasil”, como o valor das passagens (R$ 200), o público-alvo (aposentados do INSS que não viajaram de avião nos últimos 12 meses) e a quantidade de bilhetes prevista (3 milhões no primeiro ano), garantindo clareza e credibilidade.	No primeiro ano, devem ser colocados à venda 3 milhões de bilhetes por até R$ 200. Para ter direito à compra, o aposentado não pode ter viajado de avião nos últimos 12 meses.	Voa Brasil: governo lança programa com passagens a R$ 200 para aposentados do INSS; veja regras	FATO	ECONOMIA	Thiago Resende, TV Globo
45	https://www.gov.br/secom/pt-br/assuntos/noticias/2025/07/desemprego-cai-a-5-8-no-segundo-trimestre-menor-nivel-da-serie-historica	Governo do Brasil (gov.br)	31/07/2025	Dados oficiais da Pesquisa Nacional por Amostra de Domicílios (PNAD) Contínua, realizada e divulgada pelo Instituto Brasileiro de Geografia e Estatística (IBGE).	A taxa de desemprego no Brasil ficou em 5,8% no trimestre de abril a junho de 2025, o menor índice desde o início da série histórica da PNAD Contínua, em 2012. Em relação ao trimestre anterior (7,0%), a queda foi de 1,2 ponto percentual. Na comparação com o mesmo período de 2024 (6,9%), a redução foi de 1,1 ponto.	Desemprego cai a 5,8% no segundo trimestre, menor nível da série histórica	FATO	ECONOMIA	Não informado
46	https://g1.globo.com/rj/sul-do-rio-costa-verde/noticia/2025/08/25/homem-e-preso-por-suspeita-de-esfaquear-idoso-em-paraty.ghtml	Portal G1	25/08/2025	A notícia é verdadeira, pois apresenta Fonte Confiável (G1), menciona um Órgão Oficial citado (autoridades policiais de Paraty) e traz Informação Específica sobre o crime, como a data (23 de setembro de 2023), o local (Morro do Ditão) e o suspeito (homem preso), o que permite verificar os fatos e garante clareza e credibilidade.	Um homem foi preso na noite de sábado (23/08/2025) por suspeita de esfaquear um idoso em frente a um mercado em Paraty (RJ). O crime aconteceu no Morro do Ditão.	Homem é preso por suspeita de esfaquear idoso em Paraty	FATO	SOCIEDADE	Não informado
47	https://g1.globo.com/rj/rio-de-janeiro/noticia/2025/08/25/sede-de-ong-lgbtqiap-esta-entre-imoveis-que-governo-do-rj-quer-leiloar.ghtml	Portal G1	25/08/2025	A notícia é verdadeira, pois apresenta Fonte Confiável (G1), refere-se a um Órgão Oficial citado (gestão estadual do RJ), traz Informação Específica sobre o leilão de imóveis públicos e utiliza Linguagem Objetiva, o que reforça sua autenticidade. OBS: é sempre importante verificar outros veículos de imprensa regionais como O Globo, Extra ou Folha, ou mesmo sites de transparência do governo do RJ, neste caso específico para confirmar se o leilão está em discussão.	Meta de Cláudio Castro é arrecadar R$ 1,5 bilhão, mas aprovação depende da Alerj. A mobilização contra a venda da sede do Arco-Íris já começou. O grupo busca apoio para barrar a medida e manter o local funcionando.	Sede de ONG LGBTQIAP+ está entre imóveis que governo do RJ quer leiloar para fazer caixa	FATO	SOCIEDADE	Lucas Madureira, Bom Dia Rio
48	https://www.cnnbrasil.com.br/politica/tarifaco-de-trump-pode-gerar-30-mil-processos-na-justica-do-trabalho/	CNN Brasil	18/08/2025	Trata-se de uma notícia verdadeira, publicada em Fonte Confiável (CNN Brasil), que cita um Órgão Oficial (Grupo Pact Insights), apresenta Informação Específica baseada em dados oficiais e metodologia plausível, e indica uma Data Clara (18 de agosto de 2025), garantindo sua autenticidade.	Especialistas avaliam medidas preventivas e alternativas à judicialização	Tarifaço de Trump pode gerar 30 mil processos na Justiça do Trabalho	FATO	POLÍTICA	Davi Vittorazzi, da CNN
49	https://www.uemasul.edu.br/realizada-a-ultima-etapa-da-escuta-publica-para-criacao-de-universidade-indigena/#:~:text=Realizada%20a%20última%20etapa%20da%20escuta%20pública,primeira%20universidade%20do%20Brasil%20em%20território%20indígena.	UEMASUL - Universidade Estadual da Região Tocantina do Maranhão	04/08/2025	É possível identificar que a notícia é verdadeira, pois apresenta Fonte Confiável (UEMASUL, universidade pública reconhecida), menciona um Órgão Oficial citado (Instituto Tukàn, coletivo de lideranças indígenas), traz Informação Específica sobre a criação da primeira universidade em território indígena e indica uma Data Clara (processo iniciado em 2024), mostrando coerência e credibilidade.	As escutas públicas, coordenadas pelo coletivo de lideranças dos povos originários, Instituto Tukàn, vêm sendo realizadas desde 2024 com o objetivo da criação da primeira universidade do Brasil em território indígena.	Realizada a última etapa da escuta pública para criação de universidade indígena	FATO	POLÍTICA	Não informado
50	https://www.gov.br/planalto/pt-br/acompanhe-o-planalto/noticias/2023/09/brasil-ira-presidir-o-conselho-de-seguranca-da-onu-durante-o-mes-de-outubro	Governo do Brasil (gov.br)	29/09/2023	A notícia é verdadeira pois foi publicada no site oficial do Governo Federal (Planalto), uma Fonte Confiável, menciona o Conselho de Segurança da ONU como Órgão Oficial citado, apresenta Informação Específica sobre a presidência do Brasil em outubro de 2023, dentro do sistema de rodízio, e utiliza Linguagem Objetiva, sem exageros.	O país ocupa uma das 10 vagas para membros não-permanentes, com mandato que se encerra no final de 2023	Brasil irá presidir o Conselho de Segurança da ONU durante o mês de outubro	FATO	POLÍTICA	Não informado
51	https://falsenews.example.com/cafe-provoca-cancer	Fatos Escondidos	15/08/2025	Notícia falsa. A alegação ignora estudos da OMS e IARC que classificam o café como não carcinogênico em consumo moderado. A linguagem alarmista, com termos como 'perigo imediato' e 'estudos secretos', é típica de desinformação para gerar pânico. Não há menção a fontes oficiais ou dados específicos, como relatórios publicados, o que levanta suspeita. Pergunte-se: Por que agências como a ANVISA não emitiram alertas se fosse verdade? Sempre verifique em portais confiáveis de saúde para evitar cair em boatos que distorcem fatos científicos.	Circula nas redes um alerta urgente sobre o café do dia a dia, afirmando que ele contém substâncias cancerígenas ativadas pelo calor da torra. Supostos especialistas anônimos dizem que beber mais de uma xícara por dia aumenta o risco de câncer em 50%, com relatos de casos 'escondidos' pela indústria. A postagem inclui imagens dramáticas de células cancerosas e chama para boicote imediato às marcas populares. Fontes não identificadas sugerem que governos sabem, mas silenciam por lobby. Compartilhamentos viralizam com hashtags como #CafeMata, gerando medo entre consumidores habituais. No entanto, nenhum estudo verificável é citado, e a narrativa ignora benefícios comprovados do café.	Café comum pode causar câncer, alertam especialistas anônimos.	FARSA	SAÚDE	Não informado
52	https://boatosfake.com/ia-substitui-professores	Portal Inovador	20/07/2025	Notícia falsa. Apesar de citar 'escolas no Japão', não há registros em fontes educacionais confiáveis ou ministérios da educação. A IA apoia ensino, mas não substitui professores, conforme diretrizes da UNESCO. A manchete exagerada e a ausência de detalhes verificáveis, como nomes de escolas, confirmam desinformação. Considere: Se fosse real, por que não há cobertura em jornais como BBC? Verifique sempre em órgãos oficiais para discernir inovações reais de boatos alarmantes.	Uma revolução educacional estaria acontecendo no Japão, onde escolas inteiras operam sem professores humanos, gerenciadas por sistemas de IA que dão aulas, corrigem provas e até conversam com alunos sobre problemas emocionais. Relatos anônimos dizem que o custo caiu pela metade, e o desempenho dos estudantes subiu 30%. Imagens manipuladas mostram salas vazias com robôs virtuais. Críticos 'especialistas' alertam para o fim de empregos no setor, com hashtags como #FimDosProfessores espalhando pânico. Nenhum distrito educacional japonês é nomeado, e a história ignora leis que exigem supervisão humana. A narrativa viraliza em grupos de pais preocupados.	IA substitui professores em escolas modernas.	FARSA	EDUCAÇÃO	João Silva
53	https://fakenewsalert.com/microplastico-cura-doencas	Verdade Revelada	10/09/2025	Notícia falsa. Microplásticos são poluentes tóxicos, não curativos, como documentado por relatórios da ONU e EPA. A falta de referências a estudos científicos e o tom milagroso, com 'descoberta recente', são indícios claros. Não apresenta dados específicos ou autores de pesquisa, o que é comum em fake news. Pense: Por que organizações de saúde não endossam? Consulte fontes ambientais oficiais para separar mitos de fatos baseados em evidências.	Uma descoberta chocante afirma que microplásticos na água filtram toxinas do corpo, curando doenças crônicas como diabetes e artrite. Supostos cientistas dizem que ingerir pequenas quantidades ativa defesas imunológicas, com testes 'secretos' mostrando remissão em 70% dos pacientes. Postagens incluem gráficos falsos e testemunhos anônimos de 'curados'. A indústria plástica seria a beneficiada, escondendo o potencial medicinal. Viraliza com alertas para beber água não filtrada, ignorando riscos reais de contaminação. Nenhuma instituição médica é citada, e a história contradiz pesquisas sobre danos dos plásticos.	Microplástico: o novo remédio natural?	FARSA	MEIO AMBIENTE	Não informado
54	https://desinformacao.com/exercicio-causa-envelhecimento	Rumor Diário	05/06/2025	Notícia falsa. Exercícios melhoram saúde e longevidade, conforme guidelines da OMS e estudos em revistas como Lancet. A alegação distorce ciência, usando linguagem dramática sem fontes verificáveis. Ausência de dados como amostras de estudo indica intenção de enganar. Pergunte-se: Por que atletas vivem mais se fosse verdade? Sempre cheque em portais médicos confiáveis para evitar desinformação que desencoraja hábitos saudáveis.	Alertas nas redes dizem que exercícios intensos liberam radicais livres que aceleram envelhecimento celular, envelhecendo a pele e órgãos em até 20 anos. Relatos de 'atletas precoces' com rugas prematuras e fadiga crônica são compartilhados, com imagens antes/depois manipuladas. Especialistas anônimos recomendam repouso total para juventude eterna. A postagem viraliza em fóruns de fitness, causando dúvida em praticantes. Ignora benefícios cardiovasculares comprovados, sem citar nenhum estudo real. A narrativa foca em medo para cliques, sem base científica.	Exercício físico causa envelhecimento precoce.	FARSA	SAÚDE	Ana Oliveira
55	https://fakealerts.com/chocolate-reduz-peso	Notícias Rápidas	25/08/2025	Notícia falsa. Chocolate pode ser parte de dietas equilibradas, mas não causa perda de peso mágica, per nutricionistas e estudos em journals como Nutrition. A promessa absoluta e falta de detalhes nutricionais são sinais de fake. Não menciona calorias ou composição, comum em boatos. Considere: Por que dietas oficiais não recomendam? Verifique em agências como ANVISA para discernir dietas reais de mitos.	Comer chocolate amargo diariamente derrete gordura, permitindo perder 10kg por mês sem dieta ou exercício, segundo 'pesquisas inovadoras'. Testemunhos anônimos falam de transformações milagrosas, com fotos editadas. A indústria do cacau esconderia isso para vender mais. Postagens incluem receitas 'secretas' de shakes de chocolate. Viraliza em grupos de emagrecimento, ignorando riscos de açúcar. Nenhuma universidade ou estudo é nomeado, contradizendo conhecimentos básicos de nutrição.	Chocolate: a dieta milagrosa para emagrecer.	FARSA	SAÚDE	Não informado
56	https://boatos.org/tecnologia/5g-causa-infertilidade	Info Livre	12/05/2025	Notícia falsa. Estudos da OMS e FCC confirmam segurança do 5G; alegações carecem de evidências. A citação de 'relatórios secretos' e tom conspiratório são típicos de desinformação. Ausência de dados epidemiológicos levanta suspeita. Pense: Por que implantações globais continuam? Consulte reguladores para separar fatos de medos infundados.	Redes 5G emitem radiação que danifica células reprodutivas, causando infertilidade em jovens expostos, per relatórios 'vazados'. Casos de casais inférteis em áreas 5G são relatados anônimamente, com gráficos falsos de declínio de fertilidade. Empresas de telecom negam, mas 'especialistas' alertam para boicote. Viraliza com petições online, ignorando testes de segurança. Nenhum órgão de saúde endossa, contradizendo pesquisas sobre radiação não-ionizante.	5G: ameaça à fertilidade humana.	FARSA	TECNOLOGIA	Maria Santos
57	https://falsasnoticias.com/abelhas-extintas-em-2025	Alerta Global	30/07/2025	Notícia falsa. Abelhas declinam, mas não se extinguem em 2025, per FAO e relatórios ambientais. Previsão catastrófica sem base científica indica sensacionalismo. Falta de fontes como estudos publicados é um alerta. Pergunte-se: Por que apicultores não confirmam? Verifique em organizações como WWF para fatos reais sobre biodiversidade.	Abelhas desaparecerão completamente até dezembro de 2025 devido a pesticidas e clima, causando colapso agrícola e fome global, alertam 'cientistas'. Imagens de colmeias vazias e simulações de escassez de comida viralizam. Governos 'escondem' para evitar pânico, dizem fontes anônimas. Postagens pedem doações para 'salvar abelhas'. Ignora esforços de conservação, sem citar dados reais de monitoramento. A narrativa foca em apocalipse para engajamento.	Extinção das abelhas: o fim da comida?	FARSA	MEIO AMBIENTE	Não informado
58	https://rumores.com/vitamina-c-cura-gripe-em-1-dia	Portal Saúde Agora	18/08/2025	Notícia falsa. Vitamina C apoia imunidade, mas não cura gripe instantaneamente, per CDC e estudos médicos. A ausência de evidências clínicas e promessas milagrosas são indícios. Não especifica dosagens ou trials. Considere: Por que vacinas existem se fosse simples? Cheque em ministérios da saúde para informações precisas.	Megadoses de vitamina C eliminam vírus da gripe em 24 horas, sem necessidade de remédios, per 'descobertas recentes'. Testemunhos de 'curados' incluem sintomas desaparecendo magicamente. Suplementos são promovidos como solução barata. Viraliza em tempos de resfriados, ignorando que gripe é viral. Nenhum hospital endossa, contradizendo protocolos médicos padrão.	Vitamina C: cura instantânea para gripes.	FARSA	SAÚDE	Carlos Mendes
59	https://fakeinfo.com/realidade-virtual-causa-cegueira	Tech Falso	22/06/2025	Notícia falsa. VR é segura com moderação, per AAP e estudos oftalmológicos. Alegação de cegueira sem dados verificáveis indica fake. Linguagem exagerada alerta para intenção de assustar. Pense: Por que jogos VR são populares? Verifique em associações médicas para mitos tecnológicos.	Uso de VR por mais de 1 hora danifica retina permanentemente, levando a cegueira, per 'estudos ocultos'. Usuários relatam visão borrada e perda total em casos extremos, com imagens chocantes. Empresas de tech negam, mas 'vítimas' processam. Viraliza em fóruns gamers, ignorando guidelines de uso. Nenhum oftalmologista é citado, contradizendo pesquisas sobre fadiga ocular temporária.	VR: risco de cegueira para usuários.	FARSA	TECNOLOGIA	Não informado
60	https://boatosfake.com/agua-gelada-emagrece	Diário Bem-Estar	09/09/2025	Notícia falsa. Promessa sem evidências científicas é sinal de desinformação, água gelada queima calorias mínimas, não emagrece. Ausência de cálculos calóricos deve levantar dúvidas. Pergunte-se: Por que não é uma dieta padrão? Consulte especialistas para dietas baseadas em fatos.	Beber 2 litros de água gelada por dia acelera metabolismo, queimando 5kg semanais sem mudanças na rotina, per 'técnica revolucionária'. Testemunhos mostram transformações, com termômetros ilustrando 'queima interna'. Promovem garrafas térmicas como ferramenta essencial. Viraliza em apps de fitness, ignorando hidratação básica. Nenhum estudo nutricional é referenciado, contradizendo princípios de perda de peso.	Água gelada: segredo para perda de peso.	FARSA	SAÚDE	Laura Ferreira
61	https://fakenews.com/meditacao-cura-cancer	Mente Saudável	14/07/2025	Notícia falsa. Meditação auxilia tratamento, mas não cura câncer, per ACS e oncologia. Alegação sem trials clínicos indica manipulação. Tom milagroso sem fontes alerta. Considere: Por que quimioterapia existe? Verifique em institutos como INCA para terapias comprovadas.	Meditação guiada por 30 minutos diários destrói células cancerosas em estágios avançados, per 'pesquisas espirituais'. Pacientes 'curados' compartilham histórias de remissão total sem remédios. Apps de meditação são promovidos como cura alternativa. Viraliza em grupos de saúde holística, ignorando evidências médicas. Nenhum oncologista endossa, contradizendo tratamentos padrão.	Meditação: cura para o câncer?	FARSA	SAÚDE	Não informado
62	https://desinfo.com/smartphones-causam-alzheimer	Info Tech	28/08/2025	Notícia falsa. Nenhum link comprovado com Alzheimer, per Alzheimer Association e estudos neurológicos. Citação de 'usuários jovens' sem dados epidemiológicos é típico de fake. Linguagem alarmista levanta suspeita. Pense: Por que não há proibições? Cheque em sociedades neurológicas para fatos.	Radiação de smartphones danifica cérebro, causando Alzheimer precoce em usuários abaixo de 30, per 'relatórios confidenciais'. Sintomas como esquecimentos são relatados em milênios viciados em telas. Imagens de cérebros 'danificados' viralizam. Empresas negam, mas 'estudos' sugerem limite de uso. Ignora fatores genéticos, sem citar pesquisas reais.	Celulares: causa de Alzheimer precoce.	FARSA	SAÚDE	Ricardo Gomes
63	https://fakealert.com/plantas-falam-com-humanos	Ciência Oculta	03/09/2025	Notícia falsa. Plantas respondem a estímulos, mas não comunicam sonoricamente, per botânica e journals como Nature. Alegação de 'ondas invisíveis' sem tecnologia verificável indica sensacionalismo. Ausência de pesquisadores nomeados alerta. Pergunte-se: Por que não é notícia em ciências? Verifique em universidades para descobertas reais.	Plantas emitem sons inaudíveis que comunicam emoções a humanos sensíveis, per 'descoberta quântica'. Experimentos 'provam' que elas pedem água ou reclamam de poluição. Dispositivos 'especiais' detectam, promovidos online. Viraliza em comunidades esotéricas, ignorando biologia vegetal. Nenhum laboratório confirma, contradizendo estudos sobre sinalização química.	Plantas falam: nova descoberta científica.	FARSA	CIÊNCIA	Não informado
64	https://rumores.org/dormir-pouco-aumenta-inteligencia	Portal Sono	19/06/2025	Notícia falsa. Sono insuficiente prejudica cognição, per Sleep Foundation e neurociência. Alegação contrária sem evidências é desinformação. Falta de métricas de QI levanta dúvida. Considere: Por que gênios dormem bem? Cheque em institutos de sono para hábitos saudáveis.	Dormir apenas 4 horas por noite estimula cérebro, aumentando QI em 20 pontos, per 'técnica de elites'. Executivos 'sucessosos' testemunham foco aprimorado. Gráficos falsos mostram picos de inteligência. Viraliza em produtividade, ignorando riscos de exaustão. Nenhum psicólogo endossa, contradizendo pesquisas sobre sono REM.	Sono curto: chave para inteligência superior.	FARSA	SAÚDE	Sofia Almeida
65	https://boatos.com/cafeina-cura-depressao	Notícias Saúde	07/08/2025	Notícia falsa. Cafeína pode elevar humor, mas não cura depressão, per APA e psiquiatria. Promessa rápida sem terapia indica fake. Ausência de dosagens clínicas alerta. Pense: Por que medicamentos existem? Verifique em associações mentais para tratamentos reais.	Cafeína em doses altas cura depressão em uma semana, substituindo antidepressivos, per 'estudos naturais'. Pacientes relatam euforia permanente sem efeitos colaterais. Bebidas energéticas são recomendadas como terapia. Viraliza em saúde mental, ignorando diagnósticos profissionais. Nenhum psiquiatra é citado, contradizendo guidelines terapêuticos.	Cafeína: remédio natural contra depressão.	FARSA	SAÚDE	Não informado
66	https://falsas.com/exercicio-noite-causa-insonia	Vida Ativa	25/07/2025	Notícia falsa. Exercício noturno pode relaxar, não causar insônia sempre, per estudos em journals de sono. Generalização sem nuances indica manipulação. Linguagem categórica alerta. Pergunte-se: Por que horários variam? Consulte fontes de fitness para mitos desmentidos.	Treinar após 18h perturba hormônios, causando insônia crônica em 80% das pessoas, per 'pesquisas noturnas'. Relatos de noites em claro após academia viralizam. Especialistas anônimos aconselham só manhãs. Ignora diferenças individuais, sem citar amostras de estudo. A narrativa assusta praticantes noturnos para cliques.	Treino noturno: inimigo do sono.	FARSA	SAÚDE	Paulo Rodrigues
67	https://fakeinfo.org/ar-condicionado-causa-cancer-pulmao	Clima Seguro	11/09/2025	Notícia falsa. Ar-condicionado pode acumular poeira, mas não causa câncer, per WHO se limpo. Alegação de 30% sem epidemiologia é fake. Ausência de fontes médicas levanta suspeita. Considere: Por que não há recalls? Verifique em agências de saúde para riscos reais.	Filtros de ar-condicionado liberam partículas cancerígenas, afetando pulmões em 30% dos usuários, per 'alertas ambientais'. Casos de câncer em escritórios climatizados são citados anônimamente. Recomendam ventiladores como alternativa segura. Viraliza no verão, ignorando manutenção. Nenhum estudo pulmonar confirma, contradizendo ar puro filtrado.	Ar-condicionado: risco cancerígeno.	FARSA	SAÚDE	Não informado
68	https://desinfo.net/musica-classica-aumenta-vida	Cultura Viva	16/08/2025	Notícia falsa. Música beneficia saúde, mas não estende vida em anos, per gerontologia e estudos. Exagero sem trials longitudinais indica sensacionalismo. Falta de mecanismos biológicos alerta. Pense: Por que não é prescrito? Cheque em journals culturais para efeitos reais.	Ouvir música clássica 1 hora por dia adiciona 10 anos à vida, reduzindo estresse fatal, per 'pesquisas harmônicas'. Idosos 'rejuvenescidos' testemunham vitalidade extra. Playlists específicas são promovidas. Viraliza em idosos, ignorando fatores como dieta. Nenhum geriatra endossa, contradizendo envelhecimento multifatorial.	Música clássica: elixir da longevidade.	FARSA	CULTURA	Mariana Costa
69	https://boatosfake.org/leitura-livros-cura-miomia	Leitura Mágica	02/07/2025	Notícia falsa. Leitura pode cansar olhos, não cura miopia genética, per oftalmologia. Alegação permanente sem cirurgias indica fake. Ausência de métodos específicos levanta dúvida. Pergunte-se: Por que óculos persistem? Verifique em associações oculares para tratamentos verdadeiros.	Ler livros em luz natural corrige miopia para sempre, fortalecendo músculos oculares, per 'técnica antiga'. Usuários descartam óculos após meses, com testemunhos visuais. Bibliotecas são elogiadas como clínicas. Viraliza em leitores, ignorando genética. Nenhum oftalmologista confirma, contradizendo correções ópticas.	Leitura: cura para problemas de visão.	FARSA	SAÚDE	Não informado
70	https://rumores.com/yoga-reverte-envelhecimento	Yoga Diário	21/06/2025	Notícia falsa. Yoga melhora flexibilidade, mas não reverte envelhecimento celular, per biologia. Número de 15 anos sem evidências é exagerado. Linguagem milagrosa alerta. Considere: Por que idosos envelhecem? Cheque em estudos de yoga para benefícios reais.	Praticar yoga diariamente reverte relógio biológico em 15 anos, suavizando rugas e energizando órgãos, per 'estudos yogis'. Praticantes mostram fotos rejuvenescidas. Poses específicas são 'fontes da juventude'. Viraliza em wellness, ignorando tempo. Nenhum biólogo endossa, contradizendo telômeros.	Yoga: fonte da juventude eterna.	FARSA	SAÚDE	Fernando Lima
71	https://fakealerts.net/meditacao-aumenta-altura	Mente Corpo	09/09/2025	Notícia falsa. Altura é genética pós-puberdade; meditação não afeta ossos, per endocrinologia. Alegação absurda sem mecanismo indica desinformação. Ausência de estudos alerta. Pense: Por que não é terapia padrão? Verifique em médicos para crescimento real.	Meditação focada alonga espinha, aumentando altura em adultos até 5cm, per 'técnicas mentais'. Testemunhos de 'crescidos' incluem medidas antes/depois. Apps guiam o processo. Viraliza em insatisfeitos com altura, ignorando biologia. Nenhum endócrino confirma, contradizendo fechamento de placas de crescimento.	Meditação: crescimento após 18 anos.	FARSA	SAÚDE	Não informado
72	https://fakenews.com/chuveiro-quente-causa-calvicie	Bem-Estar Diário	27/08/2025	Notícia falsa. Água quente pode secar cabelo, mas não causa calvície genética, per dermatologia. Alegação irreversível sem evidências é fake. Linguagem chocante levanta suspeita. Pergunte-se: Por que não há avisos em banheiros? Cheque em sociedades dermatológicas para causas reais.	Banhos quentes escaldam folículos, causando calvície permanente, per 'estudos térmicos'. Usuários relatam perda rápida de cabelo. Recomendam água fria como prevenção. Viraliza no inverno, ignorando hormônios. Nenhum dermatologista endossa, contradizendo fatores androgênicos.	Banho quente: inimigo dos cabelos.	FARSA	SAÚDE	Julia Mendes
73	https://desinfo.org/cafe-verde-cura-diabetes	Saúde Natural	04/07/2025	Notícia falsa. Café verde auxilia glicemia, mas não cura diabetes, per ADA e endócrinos. Cura em mês sem insulina indica manipulação. Ausência de trials alerta. Considere: Por que diabéticos monitoram? Verifique em associações para gerenciamento real.	Café verde em cápsulas cura diabetes tipo 2 em 30 dias, normalizando açúcar sem dieta, per 'extratos milagrosos'. Pacientes 'livres' de injeções testemunham. Suplementos são vendidos como solução natural. Viraliza em diabéticos, ignorando progressão da doença. Nenhum endocrinologista confirma, contradizendo tratamentos crônicos.	Café verde: fim do diabetes.	FARSA	SAÚDE	Não informado
74	https://boatos.com/exercicio-mental-aumenta-forca	Fitness Mente	19/08/2025	Notícia falsa. Exercício mental beneficia cérebro, não músculos, per neurociência e fisiologia. Aumento sem esforço é absurdo sem evidências. Linguagem revolucionária alerta. Pense: Por que ginastas treinam? Cheque em journals de fitness para ganhos reais.	Treinos mentais visualizando músculos fortes aumentam força sem academia, ganhando 20% de massa, per 'neurofitness'. Atletas 'mentais' levantam pesos extras. Apps guiam visualizações. Viraliza em sedentários, ignorando hipertrofia. Nenhum fisiologista endossa, contradizendo treinamento resistido.	Mente forte: músculos sem esforço.	FARSA	SAÚDE	Roberto Silva
75	https://fakeinfo.com/riso-cura-alergias	Riso Diário	13/09/2025	Notícia falsa. Riso melhora imunidade temporariamente, mas não cura alergias, per alergologia. Cura crônica sem remédios indica fake. Ausência de mecanismos alerta. Pergunte-se: Por que antialérgicos existem? Verifique em associações para tratamentos comprovados.	Rir alto por 10 minutos diários elimina alergias crônicas, liberando endorfinas que bloqueiam histaminas, per 'terapia do riso'. Alérgicos 'curados' de rinite e asma testemunham. Grupos de riso são promovidos. Viraliza em humor, ignorando genética alérgica. Nenhum alergologista confirma, contradizendo imunoterapia.	Riso: remédio contra alergias.	FARSA	SAÚDE	Não informado
76	https://www.gov.br/mma/pt-br/noticias/brigadistas-do-ibama-e-icmbio-participam-do-desfile-de-7-de-setembro-em-brasilia	Governo do Brasil (gov.br)	07/09/2025	Essa notícia é um fato! A informação foi publicada diretamente no portal do Ministério do Meio Ambiente e Mudança do Clima (gov.br), uma fonte oficial do governo federal, garantindo total confiabilidade. A menção a detalhes específicos, como a composição do contingente (indígenas, quilombolas e comunidades tradicionais) e o contexto do desfile cívico, junto à linguagem formal, reforça a precisão e credibilidade da notícia.	Bigadistas florestais do Instituto Brasileiro do Meio Ambiente e dos Recursos Naturais Renováveis (Ibama) e do Instituto Chico Mendes de Conservação da Biodiversidade (ICMBio) participaram do desfile cívico-militar em comemoração ao Dia da Independência neste domingo (7/9/25). O grupo representa o contingente de 4.385 brigadistas florestais contratados pelo Ibama (2.600) e ICMBio (1.785) neste ano, o maior da história e 26% superior ao de 2024. Eles são responsáveis por executar medidas de prevenção aos incêndios, como as queimas prescritas, realizadas de maneira controlada na época chuvosa para evitar que o fogo se alastre na estação seca, e as operações de combate em diferentes regiões do país.	Brigadistas do Ibama e ICMBio participam do desfile de 7 de setembro em Brasília	FATO	SOCIEDADE	Não informado
77	https://www.nexojornal.com.br/expresso/2025/09/02/pib-brasil-economia-segundo-trimestre-impacto-tarifaco-trump	Nexo Jornal	02/09/2025	A notícia é verdadeira. A informação foi divulgada pelo IBGE (Instituto Brasileiro de Geografia e Estatística), que é um órgão oficial do governo federal e fonte altamente confiável. Os dados apresentados são específicos (crescimento de 0,4% no 2º trimestre de 2025, revisão do 1º trimestre para 1,3% e impacto futuro do tarifaço de 50% imposto por Donald Trump em agosto). Além disso, a matéria foi publicada pelo Nexo Jornal, um veículo de imprensa reconhecido por checagem e rigor na apuração, o que garante clareza e credibilidade.	A economia brasileira cresceu 0,4% no segundo trimestre de 2025 na comparação com o primeiro trimestre de 2025. É o que mostraram dados divulgados nesta terça-feira (2) pelo IBGE (Instituto Brasileiro de Geografia e Estatística). O resultado representa uma desaceleração da atividade econômica, que havia crescido 1,3% no primeiro trimestre, de acordo com dados revisados nesta terça (2) pelo IBGE. Esses dados refletem o estado da economia do país antes do tarifaço imposto por Donald Trump de 50% sobre os produtos brasileiros, que entrou em vigor em agosto.	O estado da economia brasileira antes do tarifaço de Trump	FATO	ECONOMIA	Marcelo Montanini
78	https://www.gov.br/saude/pt-br/assuntos/noticias/2025/agosto/governo-federal-investe-r-1-bilhao-em-novo-hospital-inteligente-100-sus-no-rs	Governo do Brasil (gov.br)	30/08/2025	A notícia é verdadeira. A informação foi divulgada pelo portal oficial do governo federal (gov.br), fonte institucional e confiável. Além disso, cita autoridades diretamente envolvidas, como o ministro da Saúde Alexandre Padilha e representantes do BNDES e da Casa Civil, o que reforça a credibilidade. Os dados são específicos, mencionando valor do investimento (cerca de R$ 1 bilhão), hospitais que serão integrados (HFE, HCC e CO-HNSC) e o novo centro (CADT). O nível de detalhe e a origem oficial garantem clareza e confiabilidade.	O ministro da Saúde, Alexandre Padilha, o diretor-presidente do Grupo Hospitalar Conceição (GHC), Gilberto Barichello, o superintendente da Área de Soluções de Infraestrutura Social do BNDES, Ian Guerreiro, e a diretora de Programa da Secretaria Especial do Programa de Parcerias de Investimento da Casa Civil, Mara Souza, assinaram neste sábado (30) o contrato que marca o início da estruturação do projeto para a construção de um novo hospital 100% SUS no Rio Grande do Sul. A iniciativa, que prevê investimento de cerca de R$ 1 bilhão, vai integrar, em um único complexo, os serviços atualmente oferecidos pelo Hospital Fêmina (HFE), Hospital da Criança Conceição (HCC) e Centro Obstétrico do Hospital Nossa Senhora da Conceição (CO-HNSC), além de um novo Centro de Apoio ao Diagnóstico e Terapia (CADT).	Governo Federal investe R$ 1 bilhão em novo hospital inteligente 100% SUS no RS	FATO	SAÚDE	Edjalma Borges
79	https://www.gov.br/mma/pt-br/noticias/no-balanco-etico-global-liderancas-africanas-refletem-sobre-impactos-e-modos-de-enfrentar-mudanca-do-clima-com-base-em-realidades-locais	Governo do Brasil (gov.br)	05/09/2025	Essa notícia é verdadeira. A informação foi divulgada pelo portal do Ministério do Meio Ambiente e Mudança do Clima (gov.br), uma fonte oficial e reconhecida. A citação do evento em Adis Abeba e a conexão com a COP30, aliadas à linguagem técnica e factual, corroboram a credibilidade da reportagem.	Balanço Ético Global (BEG) realizou seu Diálogo Regional da África nesta sexta-feira (5/9/25) em Adis Abeba, na Etiópia. O quarto de uma série de seis encontros, que ocorrem em todos os continentes do planeta, reuniu 28 participantes africanos para refletir sobre as ações e mudanças de trajetórias que a humanidade precisa adotar ou ampliar para atingir a principal meta do Acordo de Paris: conter o aquecimento médio do planeta a 1,5ºC em relação aos níveis industriais. O diálogo levou à capital etíope lideranças políticas, empresariais, religiosas e da sociedade civil, ativistas, artistas, representantes de populações indígenas e povos e comunidades tradicionais e empreendedores de toda a África. 	No Balanço Ético Global, lideranças africanas refletem sobre impactos e modos de enfrentar mudança do clima com base em realidades locais	FATO	POLÍTICA	Não informado
80	https://agenciabrasil.ebc.com.br/radioagencia-nacional/meio-ambiente/audio/2025-08/impactos-do-microplastico-sao-graves-e-afetam-o-ambiente-e-pessoas	Rádioagência	07/08/2025	A notícia é verdadeira. Foi publicada pela Agência Brasil, veículo oficial de comunicação pública reconhecido pela confiabilidade. A matéria traz como fonte Adalberto Val, vice-presidente da ABC para a Região Norte e especialista no tema, o que reforça a credibilidade. O conteúdo apresenta informações específicas e técnicas sobre a presença de microplásticos em ecossistemas, no corpo humano e seus impactos na saúde. Além disso, adota linguagem científica e clara, características típicas de uma divulgação institucional séria.	Adalberto Val, vice-presidente da ABC para a Região Norte e coordenador do grupo de trabalho sobre microplásticos fala sobre a gravidade da proliferação desse material no Brasil. “Os impactos dos microplásticos no Brasil são já extremamente graves e observados em diversos ecossistemas brasileiros. Os microplásticos estão presentes nos rios, nos lagos, nos oceanos, nos solos e até mesmo no ar que respiramos”. Segundo Adalberto Val, os microplásticos já são encontrados em diferentes partes do corpo humano e isso traz consequências para a saúde. “Essas partículas podem causar inflamações, lesões nos tecidos, estresse oxidativo, alterações hormonais, entre outros. Embora ainda existam lacunas científicas sobre os impactos de longo prazo, há consenso de que a exposição crônica aos microplásticos pode ser extremamente danosa”.	Impactos do microplástico são graves e afetam o ambiente e as pessoas	FATO	MEIO AMBIENTE	Carolina Pessoa
81	https://agenciabrasil.ebc.com.br/meio-ambiente/noticia/2025-06/museu-do-pontal-lanca-programacao-voltada-conscientizacao-ambiental#:~:text=O%20Museu%20do%20Pontal%2C%20no,da%20educação%20e%20da%20cultura.	Agência Brasil	06/06/2025	Essa notícia é verdadeira. A informação foi publicada pela Agência Brasil, um veículo jornalístico oficial ligado à EBC, conhecido por sua confiabilidade. A menção específica ao Museu do Pontal e às atividades culturais voltadas para a sustentabilidade, combinada com a linguagem objetiva, reforça a credibilidade da notícia	O Museu do Pontal, no Rio de Janeiro, lançou uma programação especial voltada para a conscientização ambiental, com atividades culturais e educativas que promovem a reflexão sobre a sustentabilidade e a preservação do meio ambiente. A iniciativa busca engajar o público em práticas de cuidado com a natureza.	Museu do Pontal lança programação voltada à conscientização ambiental	FATO	CULTURA	Não informado
82	https://www.gov.br/mma/pt-br/noticias/conama-aprova-resolucao-que-normatiza-autorizacao-para-supressao-de-vegetacao-nativa-em-imoveis-rurais#:~:text=O%20Conselho%20Nacional%20do%20Meio,(ASV)%20em%20imóveis%20rurais.	Agência Brasil	05/09/2025	Essa notícia é um fato! A informação foi publicada diretamente no portal do Ministério do Meio Ambiente e Mudança do Clima (gov.br), uma fonte oficial do governo federal. Detalhes sobre a resolução do Conama e seu impacto no manejo sustentável, apresentados em linguagem técnica e formal, garantem a precisão e confiabilidade da notícia.	O Conselho Nacional do Meio Ambiente (Conama) aprovou por unanimidade, na última quarta-feira (3/9), durante a 147ª reunião ordinária do Plenário, realizada em Brasília, resolução que estabelece critérios e condições mínimas para a emissão de Autorização de Supressão de Vegetação (ASV) em imóveis rurais. A medida busca padronizar, em nível nacional, os critérios para a emissão do instrumento, além de promover a transparência e a integração de dados ambientais. 	Conama aprova resolução que normatiza autorização para supressão de vegetação nativa em imóveis rurais	FATO	MEIO AMBIENTE	Não informado
83	https://www.gov.br/secom/pt-br/assuntos/noticias/2025/08/governo-federal-lanca-consulta-publica-sobre-sustentabilidade-do-jornalismo-ambiental-e-na-amazonia	Governo do Brasil	11/08/2025	Notícia verdadeira. Fonte governamental (gov.br), com detalhes sobre a consulta pública lançada pela Secom para sustentabilidade no jornalismo ambiental, focando na Amazônia. A iniciativa inclui prazos para contribuições e objetivos como capacitação de jornalistas. A linguagem oficial e menção a parcerias com ONGs garantem autenticidade. Considere: Consultas públicas federais são registradas em diários oficiais, acessíveis para verificação.	O Governo Federal lançou uma consulta pública sobre a sustentabilidade do jornalismo ambiental, com ênfase na cobertura da Amazônia. A iniciativa visa coletar opiniões para políticas que apoiem reportagens independentes sobre desmatamento e biodiversidade. Prazo para contribuições é de 60 dias, via plataforma online. Parcerias com ONGs e universidades promovem treinamentos para jornalistas locais. Objetivos incluem financiamento para investigações e proteção a repórteres em áreas de risco. Resultados serão incorporados a planos nacionais de comunicação ambiental.	Sustentabilidade no jornalismo ambiental.	FATO	MEIO AMBIENTE	Não informado
84	https://g1.globo.com/jornal-nacional/noticia/2025/07/11/desmatamento-na-amazonia-aumenta-no-primeiro-semestre-de-2025-depois-de-2-anos-em-queda.ghtml	G1 - Jornal Nacional	11/07/2025	Essa notícia é verdadeira. A informação foi publicada pelo G1, no Jornal Nacional, um veículo jornalístico de grande credibilidade pertencente ao Grupo Globo. A citação direta da pesquisadora Silvana Amaral, do Inpe, e a explicação técnica sobre a relação entre queimadas e desmatamento, com linguagem factual, corroboram a precisão e confiabilidade da notícia.	O Inpe monitora separadamente o que são focos de incêndio do que é desmatamento. Mas como os incêndios têm sido tão frequentes e devastadores, um dado está interferindo no outro.  "Como a gente teve essas condições climáticas de muita seca, o que acontece? A floresta fica muito suscetível a esses fogos. Então, ocorre uma queimada um ano, ocorre uma queimada no outro ano, então a floresta, aos poucos, vai perdendo, até que vai chegar o momento que ela vai ser detectada como ausência de floresta. Ela passa a ser só desmatamento”, diz Silvana Amaral, pesquisadora do INEP	Desmatamento na Amazônia aumenta no primeiro semestre de 2025 depois de 2 anos em queda	FATO	MEIO AMBIENTE	Não informado
85	https://agenciabrasil.ebc.com.br/economia/noticia/2025-08/orcamento-de-2026-reserva-r-408-bi-para-emendas-parlamentares	Agência Brasil	29/08/2025	Essa notícia é um fato! A informação foi publicada pela Agência Brasil, um veículo jornalístico oficial ligado à Empresa Brasil de Comunicação (EBC), conhecido por sua confiabilidade em assuntos governamentais. A citação de valores específicos, como R$ 40,8 bilhões e R$ 52,9 bilhões, e a menção ao secretário Gustavo Guimarães, em linguagem técnica e objetiva, asseguram a precisão e credibilidade da notícia.	A proposta de Orçamento para 2026, enviada nesta sexta-feira (29) ao Congresso, destina R$ 40,8 bilhões a emendas parlamentares impositivas. O valor, no entanto, só inclui as emendas individuais e de bancadas estaduais. Com a inclusão das emendas de comissão, o valor pode crescer para R$ 52,9 bilhões. Segundo o secretário-executivo do Ministério do Planejamento, Gustavo Guimarães, a equipe econômica estima R$ 11,5 bilhões em emendas de comissão, com o valor chegando R$ 12,1 bilhões com correção pela inflação oficial pelo Índice Nacional de Preços ao Consumidor Amplo (IPCA).	Orçamento de 2026 reserva R$ 40,8 bi para emendas parlamentares	FATO	POLÍTICA	Não informado
86	https://oglobo.globo.com/saude/ciencia/noticia/2025/09/03/alzheimer-tem-cheiro-novo-estudo-liga-olfato-a-fase-precoce-da-doenca.ghtml	O Globo	03/09/2025	A notícia é verdadeira. Foi publicada em O Globo, veículo de imprensa tradicional e reconhecido pela checagem rigorosa. A fonte principal é o pesquisador Jochen Herms, da Universidade de Munique, instituição acadêmica de alta credibilidade. As evidências são específicas e variadas, incluindo experimentos em camundongos, PET scans em pacientes e análises de tecidos de pessoas com Alzheimer. O texto ainda destaca a descoberta da exposição da fosfatidilserina como mecanismo central, o que confere clareza científica e reforça a confiabilidade da informação.	Pesquisadores da Universidade de Munique, liderados por Jochen Herms, descobriram que a microglia (células de defesa do cérebro) pode atacar fibras nervosas que ligam o bulbo olfativo ao locus coeruleus, prejudicando a percepção de cheiros em fases iniciais do Alzheimer. Isso ocorre porque neurônios passam a expor fosfatidilserina, sinal que atrai a microglia. A evidência vem de três fontes: experimentos com camundongos, PET scans em pacientes e análises de tecidos de pessoas com Alzheimer. Segundo Herms, esse mecanismo pode servir como um “sinal de alerta” precoce para identificar indivíduos em risco antes do surgimento dos sintomas cognitivos.	Alterações no olfato podem indicar Alzheimer, sugere estudo alemão	FATO	SAÚDE	Munique
87	https://oglobo.globo.com/cultura/noticia/2025/08/15/rodrigo-santoro-recebe-kikito-de-cristal-no-festival-de-gramado-nao-tenho-vergonha-de-me-emocionar.ghtml	O Globo	15/08/2025	Essa notícia é verdadeira. A informação foi publicada pelo O Globo, um portal jornalístico de grande credibilidade pertencente ao Grupo Globo. A menção ao Kikito de Cristal, ao filme O Último Azul e à premiação em Berlim, combinada com a linguagem clara e factual, corrobora a credibilidade da notícia.	Após se destacar em eventos internacionais no primeiro semestre, com destaque para o Festival de Berlim, de onde saiu com o Urso de Prata de Grande Prêmio do Júri, “O último azul” deu o pontapé inicial na 53ª edição do Festival de Cinema de Gramado. O diretor Gabriel Mascaro cruzou o devidamente caracterizado “tapete azul” estendido na Rua Coberta de Gramado (RS) na companhia dos atores Denise Weinberg e Rodrigo Santoro.	Rodrigo Santoro recebe Kikito de Cristal no Festival de Gramado: 'Não tenho vergonha de me emocionar'	FATO	CULTURA	Lucas Salgado
88	https://www.embrapa.br/busca-de-noticias/-/noticia/102814277/entre-cheias-secas-e-ciencia-o-pantanal-em-transformacao	Embrapa	02/09/2025	Notícia verdadeira. Da Embrapa, instituto oficial de pesquisa agrícola, com o Programa Fazenda Pantaneira Sustentável avaliando 50 propriedades para práticas eco-friendly. A matéria cita dados de monitoramento climático e biodiversidade, com linguagem técnica baseada em ciência. Isso garante autenticidade. Pense: A Embrapa publica relatórios públicos, acessíveis para corroboração com dados de satélite.	O Programa Fazenda Pantaneira Sustentável da Embrapa avalia 50 propriedades no Pantanal, focando em manejo sustentável entre cheias e secas. Pesquisas incluem monitoramento de solos e fauna, promovendo técnicas como rotação de pastagens para preservar biodiversidade. Dados mostram redução de erosão em 30% nas fazendas participantes. O programa integra ciência com produtores locais, oferecendo treinamentos. Transformações climáticas são discutidas, com adaptações para resiliência. Resultados são compartilhados em workshops anuais.	Entre cheias, secas e ciência, o Pantanal em transformação	FATO	MEIO AMBIENTE	Não informado
89	https://agenciabrasil.ebc.com.br/meio-ambiente/noticia/2025-06/marina-silva-alerta-para-golpe-mortal-em-normas-sobre-licenciamento	Agência Brasil	05/06/2025	Notícia verdadeira. Da Agência Brasil, com pronunciamento da ministra Marina Silva no Dia Mundial do Meio Ambiente sobre riscos em normas de licenciamento. A reportagem inclui contexto legal e impactos na Amazônia, citando leis específicas. A fonte estatal reforça credibilidade. Considere: Pronunciamentos ministeriais são registrados em diários oficiais, permitindo verificação.	A ministra do Meio Ambiente e Mudança do Clima, Marina Silva, afirmou nesta quinta-feira (5) que mudanças legislativas para flexibilizar regras de licenciamento ambiental, em um mundo cada vez mais assolado por extremos climáticos, são um grande risco para o país. O alerta foi dado em pronunciamento da ministra por ocasião do Dia Mundial do Meio Ambiente. Embora não tenha citado diretamente, ela se referia ao projeto de lei (PL) 2.159/2021, aprovado no último dia 21 de maio pelo Senado Federal, alvo de críticas da própria ministra de e uma série de entidades de defesa do meio ambiente.	Marina Silva alerta para "golpe mortal" em normas sobre licenciamento	FATO	MEIO AMBIENTE	Não informado
90	https://oglobo.globo.com/saude/ciencia/noticia/2025/09/03/sem-sinais-nem-aviso-estudo-de-30-anos-explica-por-que-mulheres-saudaveis-sofrem-infartos.ghtml	O Globo	03/09/2025	A notícia é verdadeira. Foi publicada em O Globo, veículo de comunicação reconhecido pela credibilidade. A pesquisa é atribuída ao Dr. Paul Ridker, cardiologista da Universidade de Harvard, instituição científica de referência mundial. Os dados apresentados são específicos (12.530 mulheres acompanhadas, 973 eventos cardiovasculares registrados). Além disso, o estudo traz uma conclusão relevante e clara: metade dos casos ocorre sem fatores de risco tradicionais, o que reforça a consistência científica e a confiabilidade da informação.	O estudo acompanhou 12.530 mulheres inicialmente saudáveis, sem fatores de risco modificáveis como colesterol alto, tabagismo ou pressão alta. Apesar disso, 973 delas sofreram eventos cardiovasculares, como infarto ou derrame. O principal autor da pesquisa, Dr. Paul Ridker, cardiologista da Universidade de Harvard, destaca que metade dos ataques cardíacos e derrames ocorrem em pessoas sem fatores de risco tradicionais.	Sem sinais nem aviso: estudo de 30 anos explica por que mulheres saudáveis sofrem infartos	FATO	SAÚDE	Não informado
91	https://www.bbc.com/portuguese/articles/cj6r34d6n2wo	BBC News Brasil	09/06/2025	A notícia é verdadeira. A ONU, órgão oficial, realizou a 3ª Conferência sobre os Oceanos (UNOC3) em Nice, França. A participação do presidente Lula foi registrada em agenda oficial do governo. A matéria apresenta informações específicas, como data (9/6) e local, reforçando a credibilidade.	O presidente Luiz Inácio Lula da Silva (PT) participou na segunda-feira (9/6) da 3ª Conferência das Nações Unidas sobre os Oceanos (UNOC3) em Nice, na França.	Brasil vive 'crescente degradação' dos oceanos e tendência é piorar, diz professor que participa de conferência ao lado de Lula	FATO	MEIO AMBIENTE	Julia Braun
92	https://www.veredas.org/2025/05/18/portal-viva-economia-circular-comeca-a-sair-do-papel-no-brasil-com-plano-nacional/	Instituto Veredas	18/05/2025	A notícia é verdadeira. Foi divulgada pelo Portal Viva Economia Circular com análise do Instituto Veredas, entidade de pesquisa reconhecida. O texto apresenta metas específicas, como reduzir resíduos plásticos em 40% até 2030 e gerar 1 milhão de empregos verdes. Também cita exemplos concretos, como reciclagem avançada em São Paulo e parcerias empresariais para design sustentável. A conexão com os ODS da ONU reforça a credibilidade e relevância internacional da iniciativa.	O Portal Viva Economia Circular relata o Plano Nacional começando a ser implementado no Brasil, com foco em reutilização de materiais em indústrias. Metas incluem redução de resíduos plásticos em 40% até 2030, via incentivos fiscais. Parcerias com empresas promovem design sustentável. O Instituto Veredas analisa impactos econômicos, projetando criação de 1 milhão de empregos verdes. Exemplos incluem reciclagem avançada em São Paulo. O plano alinha com ODS da ONU.	Portal Viva: Economia circular começa a sair do papel no Brasil com plano nacional	FATO	ECONOMIA	Não informado
93	https://noticias.ufsc.br/tags/meio-ambiente/	UFSC Notícias	30/07/2025	A notícia é verdadeira. Foi publicada pela UFSC Notícias, veículo oficial da Universidade Federal de Santa Catarina, fonte confiável. A matéria cita a professora Michele de Sá Dechoum e sua atuação no Leimac, trazendo detalhes específicos do reconhecimento. A data da homenagem (10 de julho) e o órgão responsável (Comissão de Meio Ambiente da Alesc) reforçam a clareza e credibilidade da informação.	A professora Michele de Sá Dechoum, do Centro de Ciências Biológicas da Universidade Federal de Santa Catarina (CCB/UFSC), recebeu homenagem da Comissão de Meio Ambiente da Assembleia Legislativa de Santa Catarina (Alesc) no último dia 10 de julho. A homenagem foi um reconhecimento pelo trabalho realizado no Laboratório de Ecologia de Invasões Biológicas, Manejo e Conservação (Leimac).	Professora da UFSC recebe homenagem por trabalho no estudo e combate de espécies invasoras	FATO	MEIO AMBIENTE	Não informado
94	https://niddedigital.com/dia-mundial-da-limpeza-2025-brasil-a-frente-da-maior-mobilizacao-ambiental-do-planeta/	Nidde Digital	03/09/2025	Notícia verdadeira. Do Nidde Digital, site dedicado a ações ambientais, apresenta detalhes sobre o Dia Mundial da Limpeza em 20/09/2025, liderado pelo Brasil em mobilização global. A matéria cita participantes e metas de coleta de lixo. Eventos internacionais reforçam credibilidade. Pense: Dias mundiais são coordenados por ONGs como Let's Do It, verificáveis online.	No dia 20 de setembro de 2025, o Brasil realizará a maior ação ambiental coletiva do planeta: o Dia Mundial da Limpeza (World Cleanup Day). Pela segunda vez, o evento está oficialmente inserido no calendário da Organização das Nações Unidas (ONU), consolidando sua importância na agenda climática global. A mobilização nacional é coordenada pelo Instituto Limpa Brasil, representante oficial do movimento internacional Let’s Do It!, que já uniu mais de 211 países e territórios.	Dia Mundial da Limpeza 2025: Brasil realiza maior mobilização ambiental do planeta	FATO	MEIO AMBIENTE	Não informado
95	https://g1.globo.com/sp/sao-paulo/noticia/2025/09/04/posto-no-bixiga-em-sp-recebeu-metanol-desviado-pelo-pcc-para-adulterar-combustivel-e-ja-foi-interditado-ao-menos-4-vezes.ghtml	Portal G1	04/09/2025	A notícia é um fato. A informação, reportada pelo G1 (veículo de credibilidade), é respaldada por decisão judicial que identificou o envolvimento do posto com o PCC, contendo dados específicos: nome exato do estabelecimento (Auto Posto Bixiga Ltda.), localização precisa (ruas Manoel Dutra e João Passalacqua), volume de metanol desviado (10 milhões de litros) e métodos criminosos detalhados (fraudes documentais, lavagem de dinheiro). A linguagem é técnica e factual, alinhada a investigações oficiais, sem sensacionalismo.	O Auto Posto Bixiga Ltda., localizado na esquina da Rua Manoel Dutra com a Rua João Passalacqua, no bairro da Bela Vista, região central de São Paulo, foi identificado pela Justiça como destino de carregamentos de metanol desviado pelo grupo criminoso Primeiro Comando da Capital (PCC) para adulteração de combustíveis. No setor de combustíveis, o esquema criminoso movimentou mais de 10 milhões de litros de metanol, importados de forma regular, mas desviados antes de chegar ao destino. A prática envolvia fraudes documentais, empresas de fachada e lavagem de dinheiro em instituições de pagamento. 	Posto no Bixiga, em SP, recebeu metanol desviado pelo PCC para adulterar combustível e já foi interditado ao menos 4 vezes	FATO	SOCIEDADE	 João de Mari
96	https://www.unesco.org/pt/articles/unesco-dedica-o-dia-internacional-da-educacao-2025-inteligencia-artificial	UNESCO	21/01/2025	A notícia é verdadeira. A UNESCO, órgão oficial da ONU, dedicando o Dia Internacional da Educação 2025 à IA, ganha ainda mais força quando verifica-se que a fonte é o portal da própria UNESCO. A matéria cita eventos em Paris e relatórios sobre IA em salas de aula, além de que uma linguagem institucional garante autenticidade.	A UNESCO dedica o Dia Internacional da Educação 2025 à inteligência artificial, promovendo debates sobre seu uso ético em ensino. Eventos globais incluem conferências em Paris com educadores de 100 países. Relatórios destacam benefícios como personalização de aprendizado, mas alertam para desigualdades digitais. Iniciativas visam guidelines para integração de IA. Parcerias com governos focam em treinamento de professores. A data, 24 de janeiro, celebra avanços educacionais mundiais.	UNESCO foca IA na educação.	FATO	EDUCAÇÃO	Não informado
97	https://www.cnnbrasil.com.br/educacao/dia-internacional-da-educacao-em-2025-e-dedicado-a-inteligencia-artificial/	CNN Brasil	24/01/2025	Notícia verdadeira. Da CNN Brasil, fonte jornalística confiável, com cobertura das celebrações do Dia Internacional da Educação 2025 dedicado à IA, incluindo entrevistas com especialistas brasileiros. A matéria discute impactos na educação nacional, com dados da UNESCO. Credibilidade reforçada por verificação. Considere: A CNN cobre eventos ONU, sendo um dos sites oficiais.	O Dia Internacional da Educação 2025, em 24 de janeiro, é dedicado à IA pela UNESCO, com celebrações globais focando inovação pedagógica. No Brasil, eventos incluem webinars sobre ferramentas de IA em escolas públicas. Especialistas discutem ética e inclusão digital. Dados mostram 50% das escolas brasileiras adotando IA básica. A CNN entrevista educadores sobre desafios como privacidade. Iniciativas promovem equidade no acesso à tecnologia educacional.	Dia Internacional da Educação em 2025 é dedicado à inteligência artificial	FATO	EDUCAÇÃO	Vitor Soares
98	https://www.fundacaotelefonicavivo.org.br/noticias/tecnologia-e-educacao/	Fundação Telefônica Vivo	29/04/2025	Notícia verdadeira. Da Fundação Telefônica Vivo, organização dedicada a educação digital, com lista de 9 tendências em tecnologia e educação para 2025, como IA e VR. A matéria inclui exemplos globais e brasileiros, com linguagem educativa. Autenticidade de fundações em relatórios é alta. Pense: Tendências são baseadas em pesquisas, verificáveis em fontes como OECD.	A Fundação Telefônica Vivo lista 9 tendências em tecnologia e educação para 2025, incluindo IA para personalização de ensino e VR para simulações imersivas. Outras são gamificação, blockchain para certificados e cibersegurança em escolas. Exemplos incluem apps na Índia e projetos brasileiros em periferias. Relatórios citam impacto em engajamento estudantil em 40%. A fundação promove workshops para implementação. Foco em inclusão digital para regiões remotas.	Tecnologia e Educação: 9 tendências que estão transformando o ensino e aprendizagem	FATO	EDUCAÇÃO	Não informado
99	https://jornal.unesp.br/2025/02/04/unesco-celebra-2025-como-o-ano-internacional-da-ciencia-e-tecnologia-quanticas/	Jornal Unesp	04/02/2025	Notícia verdadeira. Do Jornal Unesp, ligado à universidade estadual, com cobertura do Ano Internacional da Ciência e Tecnologia Quânticas pela UNESCO em 2025. A matéria detalha eventos em Paris e no Brasil, com foco em pesquisas quânticas. Linguagem acadêmica reforça. Considere: Anos internacionais da ONU são oficiais, verificáveis em unesco.org.	O início oficial do Ano Internacional das Ciências e Tecnologias Quânticas será marcado por um evento de dois dias organizado pela Unesco. Agendada para as datas de hoje e amanhã, dias 4 e 5 de fevereiro de 2025, a cerimônia ocorrerá realizada na sede da Unesco, em Paris, e contará com transmissão ao vivo pela página do evento. O lançamento promete incentivar a troca de ideias entre participantes e abrir caminhos para colaborações internacionais e interdisciplinares. 	Unesco celebra 2025 como o Ano Internacional da Ciência e Tecnologia Quânticas	FATO	EDUCAÇÃO	Não informado
100	https://agenciabrasil.ebc.com.br/meio-ambiente/noticia/2025-06/ibama-concede-1a-licenca-previa-projeto-eolico-offshore-no-pais	Agência Brasil	24/06/2025	Notícia verdadeira. Publicada com base em comunicado oficial do Ibama, detalhando a primeira licença prévia para um projeto eólico offshore de 24,5 MW em Areia Branca, RN. Cita autoridades como Claudia Barros e processo técnico desde 2017. A linguagem objetiva e institucional reforça credibilidade. Verificável no site do Ibama ou Ministério do Meio Ambiente.	Com capacidade instalada de até 24,5 megawatts (MW), o Sítio de Testes de Aerogeradores Offshore recebeu nesta terça-feira (24) a licença prévia do Instituto Brasileiro do Meio Ambiente e dos Recursos Naturais Renováveis (Ibama). A estrutura será implementada no litoral do município de Areia Branca (RN). É a primeira licença prévia para um projeto de energia eólica offshore (em alto-mar) no país.	Ibama concede 1ª licença prévia a projeto eólico offshore no país	FATO	ECONOMIA	Não informado
101	https://www.acidadeon.com/campinas/cotidiano/mais-de-3-mil-passageiros-pulam-catracas-dos-terminais-do-brt-por-dia-diz-levantamento/	A Cidade On Campinas	18/09/2025	Notícia verdadeira. Publicada com base em levantamento oficial da Transurc (Associação das Empresas de Transporte Coletivo Urbano de Campinas), detalhando a evasão de cerca de 3 mil passageiros por dia e o prejuízo mensal de R$ 500 mil, referente a fevereiro de 2025. A linguagem é objetiva e cita a fonte responsável pelos dados, o que reforça sua credibilidade. As informações são verificáveis através da própria Transurc ou de órgãos oficiais do município de Campinas.	Um levantamento da Transurc (Associação das Empresas de Transporte Coletivo Urbano de Campinas), mostra que cerca de três mil passageiros pulam ou passam por baixo das catracas dos terminais do BRT por dia, de segunda a sexta-feira. O dado é referente a fevereiro deste ano e representa um prejuízo de R$ 500 mil por mês para a empresa, considerando apenas os dias úteis.	Mais de 3 mil passageiros pulam catracas dos terminais do BRT por dia, diz levantamento	FATO	SOCIEDADE	Redação
102	https://www.acidadeon.com/campinas/economia/mutirao-oferece-200-vagas-de-emprego-em-supermercados-e-atacarejos-da-regiao/	A Cidade On Campinas	18/09/2025	Notícia verdadeira. Publicada com base em anúncio oficial de redes de supermercados e atacarejo, detalhando a realização de um mutirão de empregos com cerca de 200 vagas para a região de Campinas em 18/09/2025. A informação contém dados específicos como data, horário e formato do processo seletivo (presencial), o que a torna verificável junto aos sites ou redes sociais oficiais das empresas promotoras do evento. A linguagem factual e objetiva é característica de anúncios desse tipo.	Para quem está em busca de trabalho, uma rede de supermercados e um atacarejo promovem, nesta quinta-feira (18), a partir das 8h30, um mutirão com cerca de 200 vagas de emprego em diferentes unidades da região de Campinas. As oportunidades são para funções variadas, e o processo seletivo será realizado de forma presencial.	Mutirão oferece 200 vagas de emprego em supermercados e atacarejos da região	FATO	ECONOMIA	Redação
103	https://www.acidadeon.com/campinas/lazer-e-cultura/cemiterio-da-saudade-tera-passeio-noturno-com-historias-de-assombracoes/	A Cidade On Campinas	25/11/2023	Notícia verdadeira. Publicada com base em informações oficiais do Projeto "O Que te Assombra", realizado com patrocínio do FICC (Fundo de Investimentos Culturais de Campinas) 2022, da Secretaria Municipal de Cultura e Turismo. A notícia cita detalhes específicos e verificáveis, como o livro que embasa o passeio ("Muito Além da Saudade"), o nome do historiador responsável (Cridinei Gabriel) e a celebração de figuras históricas locais. A natureza do evento, um passeio cultural, é condizente com as políticas públicas de fomento à cultura do município.	O Cemitério da Saudade, em Campinas, terá um passeio noturno para contar histórias da cidade ligadas ao sobrenatural e, sobretudo, às assombrações registradas no livro “Muito Além da Saudade”, de Élcio Henrique Ramos. [...] será possível também aprender sobre figuras célebres da cidade, como Hércules Florence, um dos inventores da fotografia, e que está enterrado no local. O passeio será guiado pelo historiador Cridinei Gabriel e faz parte do Projeto “O Que te Assombra”, realizado com o patrocínio do Ficc (Fundo de Investimentos Culturais de Campinas) 2022, da secretaria Municipal de Cultura e Turismo.	Cemitério da Saudade terá passeio noturno com histórias de assombrações	FATO	CULTURA	Redação
104	https://www.acidadeon.com/campinas/cotidiano/policia-civil-encontra-rinha-com-16-galos-em-situacao-de-maus-tratos-na-zona-rural/	A Cidade On Campinas	17/09/2025	Notícia verdadeira. Publicada com base em ação da Polícia Civil, que confirmou a ocorrência em seu boletim oficial. A informação é factual, citando dados específicos (16 galos apreendidos) e a origem da ação (denúncia anônima), o que é característico de reportagens sobre operações policiais. A linguagem objetiva e a menção à autoridade competente reforçam a credibilidade. A verificação pode ser feita através do site ou das redes sociais institucionais da Polícia Civil do estado de São Paulo.	De acordo com os agentes, a equipe chegou ao local após uma denúncia anônima	Polícia Civil encontra rinha com 16 galos em situação de maus-tratos na zona rural	FATO	SOCIEDADE	Redação
105	https://www.acidadeon.com/campinas/cotidiano/jovem-furta-caminhonete-e-e-preso-apos-bater-o-carro-e-se-esconder-em-galinheiro/	A Cidade On Campinas	17/09/2025	Notícia verdadeira. Publicada com base no boletim oficial da Polícia Militar, detalhando a prisão de um jovem de 20 anos por furto de veículo, perseguição policial e sua captura escondido em um galinheiro na região de Americana e Santa Bárbara d'Oeste em 17/09/2025. A informação contém elementos específicos e factuais (data, local, ação policial, modo da captura), típicos de comunicações institucionais das forças de segurança. A verificação pode ser feita através dos canais oficiais da PM ou do site do governo do estado de São Paulo.	Um jovem de 20 anos foi preso após uma perseguição a uma caminhonete furtada entre Americana e Santa Bárbara d’Oeste, na manhã desta quarta-feira (17). De acordo com a PM (Polícia Militar), ele foi encontrado escondido dentro de um galinheiro.	Jovem furta caminhonete e é preso após bater o carro e se esconder em galinheiro	FATO	SOCIEDADE	Redação
106	https://www.acidadeon.com/campinas/politica/to-nem-ai-diz-ministro-da-saude-sobre-cancelamento-de-visto-para-os-eua/	A Cidade On Campinas	16/09/2025	Notícia verdadeira. Publicada com base em declaração oficial do ministro da Saúde, Padilha, em evento público, confirmada pela agenda divulgada do ministério sobre sua participação na conferência da Organização Pan-Americana da Saúde e Assembleia Geral da ONU. A informação cita detalhes factuais e verificáveis, como o cancelamento de vistos de familiares pelo governo americano (medida amplamente noticiada) e a resposta específica do ministro. A linguagem reporta um fato ocorrido, com citação direta, característica de cobertura jornalística de falas de autoridades. A verificação pode ser feita através de vídeos do evento ou do site oficial do Ministério da Saúde.	O ministro foi convidado para participar da conferência da Organização Pan-Americana da Saúde e da Assembleia Geral da ONU em Nova York na próxima semana. No mês passado, o governo americano cancelou os vistos da mulher e da filha de dez anos do ministro, como parte das sanções a autoridades brasileiras. Padilha não teve o visto revogado, porque a autorização para ele entrar nos EUA já estava vencida desde 2024. “Esse negócio do visto é igual aquela música ‘Tô nem aí’. Vocês estão mais preocupados com o visto do que eu. ‘Tô nem aí’” ironizou o ministro.	‘Tô nem aí’, diz ministro da Saúde sobre cancelamento de visto para os EUA	FATO	POLÍTICA	Redação
107	https://www.uol.com.br/vivabem/noticias/redacao/2025/09/18/pressao-12x8-agora-e-reclassificada-como-pre-hipertensao-entenda-mudanca.htm	UOL	18/09/2025	Notícia verdadeira. Publicada com base na nova diretriz oficial do Congresso Brasileiro de Cardiologia, divulgada em evento médico-científico, que reclassificou os valores de pressão arterial. A matéria cita dados técnicos específicos (valores em mmHg, meta para hipertensos, referência à tendência europeia e estatísticas de prevenção) e tem linguagem informativa condizente com a divulgação de guidelines médicas. A informação é verificável no site da Sociedade Brasileira de Cardiologia (SBC) ou em publicações especializadas.	A pressão arterial 12 por 8, antes sinônimo de saúde, agora é considerada "pré-hipertensão" segundo nova diretriz do Congresso Brasileiro de Cardiologia. Valores entre 120-139/80-89 mmHg são pré-hipertensão. Médicos devem orientar mudanças no estilo de vida para prevenção e monitoramento regular da pressão. A meta para hipertensos é alcançar pressão abaixo de 13 por 8. A diretriz segue tendência europeia; a prevenção pode evitar até 80% dos casos de AVC e infarto.	Pressão 12 por 8 agora é classificada como pré-hipertensão: entenda mudança	FATO	SAÚDE	VivaBem
108	https://www.uol.com.br/vivabem/noticias/redacao/2025/09/18/por-que-voce-sempre-acorda-as-3-da-manha-a-ciencia-tem-algumas-pistas.htm	UOL	18/09/2025	Notícia verdadeira. Publicada com base em evidências científicas da medicina do sono e cronobiologia, amplamente reconhecidas por instituições como a Associação Brasileira do Sono e a Academia Americana de Medicina do Sono. A matéria cita mecanismos fisiológicos precisos (ritmo circadiano, fase REM) e fatores de influência (álcool, ansiedade, ambiente), com linguagem informativa e técnica característica de divulgação científica. As informações são verificáveis em publicações especializadas e diretrizes de saúde sobre higiene do sono.	Acordar sempre às 3 da manhã é explicado pelo ritmo circadiano e pelas transições do sono; isso não é um erro, mas parte do ciclo natural. Esses despertares ocorrem na fase REM, quando o sono é mais leve, e podem ser influenciados por hábitos ou condições fisiológicas. Fatores como álcool, ansiedade e ambiente impactam o sono; higiene do sono e avaliação médica são recomendados para interrupções frequentes.	Acorda sempre às 3 da manhã? A ciência explica este 'alarme misterioso'	FATO	SAÚDE	VivaBem
109	https://www.uol.com.br/tilt/noticias/redacao/2025/09/17/asteroide-colossal-se-aproxima-da-terra-e-aciona-defesa-espacial.htm	UOL	17/09/2025	Notícia verdadeira. Publicada com base em comunicado oficial da Agência Espacial Europeia (ESA) e dados da Rede Internacional de Alerta de Asteroides (IAWN). A matéria cita informações técnicas específicas e verificáveis, como o nome do asteroide (2025 FA22), data de descoberta, diâmetro estimado, ausência de risco de colisão e o propósito científico da observação. A linguagem é factual e condizente com anúncios de agências espaciais. A informação pode ser confirmada no site da ESA ou de outras instituições de astronomia, como a NASA.	O asteroide 2025 FA22, com até 290 metros de diâmetro, passará próximo à Terra amanhã, sem risco de colisão, segundo a ESA. Descoberto em março de 2025 pelo telescópio Pan-STARRS 2, o asteroide inicialmente parecia ameaçar a Terra em 2089, mas novas medições descartaram esse risco. A aproximação do asteroide será usada pela IAWN para testar defesa planetária e estudar sua órbita e características físicas com participação da ESA.	Asteroide colossal se aproxima da Terra e ativa programa de defesa espacial	FATO	ASTRONOMIA	Tilt
110	https://www.uol.com.br/nossa/colunas/terra-a-vista/2025/09/15/furacao-mudou-um-rio-de-lugar-e-criou-a-ponte-mais-inutil-do-mundo.htm	UOL	15/09/2025	Notícia verdadeira. Publicada com base em registros históricos e meteorológicos amplamente documentados por agências como a NOAA (National Oceanic and Atmospheric Administration) e relatórios de governos, como o de Honduras. A matéria cita dados factuais específicos (ano do evento, número de mortos, localização da ponte, impactos econômicos) e referencia um caso real frequentemente utilizado em estudos de engenharia e adaptação climática. A linguagem é informativa e alinhada com coberturas consolidadas sobre desastres naturais. As informações são verificáveis em fontes como a NOAA, documentários e artigos geográficos ou históricos.	O furacão Mitch, em 1998, causou 11,3 mil mortes e destruição em Honduras, mudando o curso de um rio e tornando a ponte recém-inaugurada de Choluteca inútil. A tempestade destruiu casas, afetou terras aráveis e reduziu drasticamente a produção agrícola e pecuária do país, gerando um impacto econômico severo. A ponte Sol Nascente foi restaurada após o curso do rio ser corrigido. É usada como exemplo em discussões sobre adaptabilidade diante de mudanças drásticas.	Furacão mudou um rio de lugar e criou a ponte mais inútil do mundo	FATO	MEIO AMBIENTE	Felipe van Deursen
111	https://www.uol.com.br/tilt/noticias/redacao/2025/09/16/buracos-negros-confirmam-teoria-de-stephen-hawking-prevista-ha-50-anos.htm	UOL	16/09/2025	Notícia verdadeira. Publicada com base em estudo científico divulgado pelo observatório LIGO (Laser Interferometer Gravitational-Wave Observatory) em 2025, confirmando a teoria de Stephen Hawking sobre a área de buracos negros. A matéria cita dados técnicos específicos (detecção via ondas gravitacionais, fusão de buracos negros, avanços do LIGO) e refere-se a um evento amplamente reportado pela comunidade científica internacional. A linguagem é factual e alinhada com comunicados de instituições de pesquisa como a NSF (National Science Foundation) ou a colaboração LIGO-Virgo. A informação é verificável em publicações científicas revisadas por pares (ex: Physical Review Letters) ou no site oficial do LIGO.	A previsão de Stephen Hawking sobre a área dos buracos negros foi confirmada em 2025 por meio da detecção de ondas gravitacionais pelo LIGO. A confirmação se deu pela fusão de dois buracos negros, aumentando sua área total, validando a teoria que essa área nunca diminui. O avanço tecnológico do LIGO permitiu medições precisas, destacando a relevância dos observatórios na testagem de teorias fundamentais da física.	Previsão de Stephen Hawking de mais de 50 anos é comprovada em 2025	FATO	ASTRONOMIA	Tilt
112	https://noticias.uol.com.br/meio-ambiente/ultimas-noticias/redacao/2025/09/16/nao-para-de-crescer-ligre-o-gigante-hibrido-de-leao-e-tigre-passa-de-3-m.htm?cmpid=copiaecola	UOL	16/09/2025	Notícia verdadeira. Publicada com base em estudos de genética e zoologia amplamente reconhecidos por instituições como a IUCN (União Internacional para a Conservação da Natureza) e zoológicos autorizados. A matéria cita dados biológicos específicos (mecanismo de gigantismo híbrido, dimensões corporais, problemas de saúde) e reflete o consenso científico sobre híbridos de grandes felinos. A linguagem é informativa e condizente com documentários e artigos especializados em vida selvagem. As informações são verificáveis em fontes como revistas científicas (ex: Nature) ou relatórios de entidades de conservação animal.	Ligres são híbridos de leão e tigresa, conhecidos por seu enorme tamanho, atingindo mais de 3 metros e 400 quilos, devido ao gigantismo híbrido. Esse crescimento ocorre porque tigresas não transmitem o mecanismo de inibição do crescimento, permitindo que ligres cresçam mais que os pais. Criados em cativeiro, ligres enfrentam problemas de saúde como defeitos neurológicos e falência de órgãos, o que preocupa especialistas em conservação.	Não para de crescer? Ligre, o gigante híbrido de leão e tigre, passa de 3m	FATO	MEIO AMBIENTE	Não informado
113	https://diariodocomercio.com.br/mix/governo-vai-distribuir-coca-cola-gelada-em-transportes-publicos-durante-1-mes-inteiro/	Diario do Comércio	16/09/2025	Notícia verdadeira. Publicada com base em anúncio oficial do prefeito Rodrigo Manga (Republicanos) em suas redes sociais, confirmado pelo Diário do Litoral. A matéria cita detalhes específicos da ação promocional (duração de 30 dias, dia da semana, produto distribuído) e o objetivo declarado pela gestão municipal, característicos de comunicados de prefeituras. A linguagem é factual e alinhada com divulgações governamentais. A informação é verificável nas redes sociais oficiais do prefeito ou no site da prefeitura da cidade.	Na última segunda-feira (15), o prefeito da cidade paulistana, Rodrigo Manga (Republicanos), usou suas redes sociais para anunciar a novidade. Segundo o prefeito, os usuários da linha expressa do transporte coletivo vão ganhar uma Coca-Cola grátis, toda sexta-feira, ao final do expediente. O experimento vai durar 30 dias. Segundo o Diário do Litoral, o objetivo dessa ação é valorizar os passageiros que usam diariamente o transporte público da cidade e busca “aproximar a gestão municipal dos passageiros”.	Governo vai distribuir Coca-Cola gelada em transportes públicos durante 1 mês inteiro	FATO	CULTURA	Carolina Carvalho
114	https://www.noticiasaominuto.com.br/politica/2315530/nikolas-ferreira-ataca-felipe-neto-whindersson-junior-e-pedro-certezas	Notícias ao Minuto	15/09/2025	Notícia verdadeira. Publicada com base em declarações públicas do deputado Nikolas Ferreira (PL-MG) em suas redes sociais, que de fato ocorreram e foram documentadas por múltiplos veículos de imprensa. A matéria cita interações específicas e verificáveis com personalidades como Felipe Neto e Whindersson Nunes, além de propostas de ação política (sugestão de cancelamento de vistos), típicas do comportamento público do parlamentar. A linguagem é factual e relata eventos reais, passíveis de confirmação nas redes sociais dos envolvidos ou em agências de checagem.	O deputado federal Nikolas Ferreira (PL-MG) passou o fim de semana em embates nas redes sociais com Felipe Neto, Whindersson Nunes, Pedro Certezas e o cantor Júnior. O parlamentar chegou a sugerir o cancelamento de vistos para os EUA e lançou ataques pessoais contra os artistas	Nikolas Ferreira tenta cassar visto de Felipe Neto e briga com famosos	FATO	POLÍTICA	Não informado
115	https://g1.globo.com/ciencia/noticia/2025/09/18/descoberta-rara-insetos-pre-historicos-presos-em-ambar-revelam-floresta-perdida-no-equador.ghtml	G1	18/09/2025	Notícia verdadeira. Publicada com base em estudo científico divulgado por instituições de pesquisa geológica e paleontológica, como universidades ou museus naturais, com detalhamento técnico específico (período Cretáceo, família Araucariaceae, bioinclusões mesozoicas). A matéria cita dados verificáveis e alinhados com descobertas paleontológicas recentes, utilizando linguagem factual característica de comunicados acadêmicos. A informação é passível de confirmação em publicações especializadas (ex: Nature, Science) ou sites de instituições como o Instituto Geofísico do Equador.	Cientistas descobriram no Equador o maior depósito de âmbar do Cretáceo já registrado na América do Sul. O material preserva insetos, fragmentos de teia de aranha e pólen de uma floresta úmida de 112 milhões de anos. Trata-se do primeiro registro de bioinclusões em âmbar mesozoico sul-americano. As resinas foram produzidas por coníferas da família Araucariaceae em ambiente tropical e úmido. A descoberta abre novas possibilidades para entender a biodiversidade do antigo supercontinente Gondwana.	Descoberta rara: insetos pré-históricos presos em âmbar revelam floresta perdida no Equador	FATO	MEIO AMBIENTE	Redação
116	https://volteasemexer.com.br/ana-novo-set2025/?src=artritelifeABRIL+44&utm_source=Desktop&utm_medium=artriteLIFE+-+%5Bsfunnel%3D1990%5D+-+rodando+-+Desk+-+max&utm_term=46449286&utm_campaign=artriteLIFE+-+%5Bsfunnel%3D1990%5D+-+rodando+-+Desk+-+max&utm_content=4179366459&tb_campaign_id=46449286&tb_ad_id=4179366459&tb_site_id=1569674&tblci=GiCls7vNSJvvjbszVDKHz3ciTmDmFBFK8D8dSteRLOFBUSC9t2co2eOjusLMtNanATCK518&mlid=lead_20250918_7mjqguhvbre#tblciGiCls7vNSJvvjbszVDKHz3ciTmDmFBFK8D8dSteRLOFBUSC9t2co2eOjusLMtNanATCK518	Volte a Se Mexer	02/09/2025	Notícia falsa. A alegação de que Ana Maria Braga revelou uma "receita anti-dores" ao vivo é enganosa e característica de clickbait. O programa "Mais Você" não costuma promover soluções médicas milagrosas, e não há registros oficiais ou matérias confiáveis que comprovem tal divulgação. A linguagem sensacionalista ("ajudou milhares", "receita criada pela Dra. Aline") e a falta de fontes verificáveis (como data específica, link ou instituição médica respaldando a eficácia) indicam que se trata de desinformação, comum em anúncios de produtos não testados. Verifique sempre em sites oficiais da TV Globo ou consulte profissionais de saúde antes de acreditar em curas rápidas.	Receita que já ajudou milhares de pessoas ganha fama no programa de TV Mais Você, que divulgou a receita criada pela Dra. Aline, o que fez milhares de brasileiros que sofrem de dores articulares começarem a usar.	ANA MARIA BRAGA REVELA RECEITA ANTI DORES AO VIVO.	FARSA	SAÚDE	Carlos Castro
117	https://guiadobemestar.store/saude-e-bem-estar/?utm_source=taboola&utm_medium=referral&tblci=GiCls7vNSJvvjbszVDKHz3ciTmDmFBFK8D8dSteRLOFBUSDvqnUo-cabz_HZn9kOMIrnXw#tblciGiCls7vNSJvvjbszVDKHz3ciTmDmFBFK8D8dSteRLOFBUSDvqnUo-cabz_HZn9kOMIrnXw	Guia do Bem Estar	--/--	Notícia falsa. O texto apresenta características típicas de propaganda enganosa ou conteúdo patrocinado disfarçado de notícia, com alegações vagas ("solução natural", "sem dietas restritivas") e sem fontes verificáveis, datas ou instituições médicas reconhecidas que comprovem a eficácia do método. A linguagem sensacionalista ("surpreendendo brasileiros") e a ausência de dados concretos ou pesquisas científicas indicam que se trata de desinformação ou publicidade não ethicada. Desconfie de promessas milagrosas para emagrecimento e consulte sempre fontes médicas confiáveis.	Nos últimos meses, uma novidade no mercado de saúde e bem-estar tem chamado a atenção de especialistas e conquistado cada vez mais pessoas no Brasil. Trata-se de uma solução natural que promete auxiliar no processo de emagrecimento sem dietas restritivas ou treinos excessivos.	Método natural vem surpreendendo brasileiros na luta contra o excesso de peso	FARSA	SAÚDE	Não informado
118	DeepSeek S2	Redes Sociais	22/09/2025	Notícia falsa. A NASA não conduz pesquisas sobre terapias caseiras para diabetes. Não existe nenhum "Dr. Vladimir Petrov" no corpo de cientistas da agência. A Associação Americana de Diabetes já se manifestou contra essa falsa informação.	Um suposto renomado cientista da NASA, "Dr. Vladimir Petrov", afirmou em um estudo secreto que a mistura de suco de limão, alho e cúrcuma é capaz de regenerar o pâncreas e curar diabetes definitivamente, sem necessidade de insulina.	Médico da NASA Confirma: "Suco de Limão com Alho Cura Diabetes em 72 Horas"	FARSA	SAÚDE	Carlos Eduardo
119	DeepSeek S2	Whatsapp	22/09/2025	Notícia falsa. A Polícia Civil não registrou nenhuma ocorrência desse tipo. Esse boato é uma variação de uma lenda urbana antiga que reaparece periodicamente em diferentes cidades. Especialistas explicam que o vírus HIV não sobrevive fora do corpo dessa forma.	Mensagens urgentes circulam alertando sobre uma nova modalidade de crime: criminosos disfarçados de foliões aplicam injeções em jovens desprevenidos em casas noturnas para infectá-los com HIV intencionalmente.	ALERTA: Bandidos estão Aplicando Injeções com HIV em Baladas na Zona Sul	FARSA	SAÚDE	Não informado
120	DeepSeek S2	Tiktok	23/09/2025	Notícia falsa. Não há qualquer menção a um "Bolsa Carnaval" no Diário Oficial da União, em discursos oficiais ou no site do Ministério do Desenvolvimento Social. A estrutura do texto contém erros grosseiros sobre como os benefícios sociais são implementados.	Segundo publicações, o presidente Lula teria criado um novo benefício para "movimentar a economia durante o Carnaval". O valor de R$ 600 seria creditado automaticamente para todos os brasileiros maiores de 18 anos cadastrados no CadÚnico.	Lula Anuncia 'Bolsa Carnaval': R$ 600 para Todo Mundo Comprar Fantomia e Bebida	FARSA	POLÍTICA	Não informado
121	DeepSeek S2	Redes Sociais	24/09/2025	Notícia falsa. A Polícia Federal não tem nenhuma operação com o nome "Fênix" relacionada a esse caso. O ator mencionado estava trabalhando normalmente nos estúdios da TV Globo no dia da suposta prisão, como comprovado por suas redes sociais. A reportagem é uma criação maliciosa.	Um site sensacionalista afirma que um famoso ator de novela das nove foi preso pela Polícia Federal na madrugada desta segunda-feira por liderar uma seita secreta de alto escalão envolvida em crimes hediondos. A matéria cita uma "operação sigilosa" chamada "Fênix".	Ator Global é Preso em Operação da PF por Chefiar Seita Satânica que Fazia Rituais com Crianças	FARSA	CULTURA	Débora Silva
122	DeepSeek S2	CiberSeguro	25/09/2025	Notícia falsa. EXAGERO. Especialistas em segurança digital afirmam que é tecnicamente impossível clonar um chip ou invadir um aparelho apenas pelo fato de atender uma ligação, sem qualquer interação adicional da vítima. O alerta distorce riscos reais, mas de forma totalmente fantasiosa.	Novo golpe onde criminosos, ao receberem uma ligação atendida, conseguem clonar o chip do celular e acessar contas bancárias apenas pelo áudio, mesmo que a vítima não fale nada.	PERIGO: Não Atenda Telefone se a Tela não Mostrar Número! Nova Tática Aplica Golpe pelo Som	FARSA	SEGURANÇA	Não informado
123	DeepSeek S2	Politytica	22/09/2025	Notícia falsa. A vereadora citada nunca apresentou tal projeto. A matéria não mostra o número do projeto nem a data de apresentação, porque ele não existe. A intenção é clara: incendiar os ânimos e mobilizar seguidores contra a política.	Um site de extrema-direita alega que uma vereadora de esquerda de uma grande capital apresentou um projeto de lei "comunista" para extinguir o culto evangélico no município, com base em uma suposta "laicidade agressiva do estado".	Vereadora Propõe Projeto para Fechar Todas as Igrejas Evangélicas e Destruir Bíblias	FARSA	POLÍTICA	Carlos Castro
124	DeepSeek S2	Redes Sociais	20/09/2025	Notícia falsa. A Polícia Civil não tem registros de ocorrências com essa modalidade. A Sabesp emitiu nota informando que seus funcionários só realizam visitas com agendamento prévio. O boato causa pânico desnecessário.	Alertas circulam dizendo que criminosos estão se passando por funcionários de concessionárias de água e luz, com uniformes falsos e crachás, para se aproximar de pais e crianças no horário de entrada e saída de escolas, com objetivo de sequestro	URGENTE: Gangues usam Roupas de Operários da Sabesp para Sequestrar Crianças em Portas de Escola	FARSA	SEGURANÇA	Não informado
125	Grok	Redes Sociais	20/09/2025	Apesar de citar o "Correio Seguro Nacional", verifique que ele é um portal falso, ou seja, uma fonte não conhecida deve sempre levantar suspeita. A notícia, portanto, apresenta sinais típicos de fake news: não menciona nenhum Órgão Oficial de segurança, usa termos vagos sem Informações Específicas (como dados, estudos ou porcentagens) e adota uma linguagem alarmista, com afirmações absolutas como “causa desmaios”. Esses elementos indicam falta de confiabilidade e ajudam a identificar que a informação pode ser falsa.	Criminosos estão enviando envelopes com perfume impregnado de uma substância que causa desmaios em idosos. Ao abrir a correspondência, a vítima inala o veneno e fica inconsciente, permitindo que assaltantes entrem em suas casas. Autoridades alertam para não abrir cartas desconhecidas.	Novo golpe com perfume em envelopes deixa idosos desacordados	FARSA	SEGURANÇA	Carlos Eduardo Lima
126	Grok	Portal Saúde Verdadeira Online	15/09/2025	A notícia é uma farsa! Não há registros oficiais na OMS ou em institutos de pesquisa que confirmem o mamão como cura para o câncer. Boatos semelhantes circulam há anos em diferentes países e sempre são desmentidos. Atente-se para: Qual estudo real evidencia essa cura? Como uma fruta simples curaria uma doença complexa como o câncer sem evidências científicas?	A Organização Mundial da Saúde declarou o mamão como o "rei das frutas" por sua capacidade de curar o câncer em poucas semanas. Consumir diariamente previne e reverte a doença, eliminando a necessidade de tratamentos caros. Milhares já se beneficiaram dessa descoberta natural.	Mamão é a cura milagrosa para o câncer, segundo a OMS	FARSA	SAÚDE	Dr. João Silva Mendes
127	Grok	Alerta de Segurança Urbana	15/09/2025	Apesar de citar o "Alerta de Segurança Urbana", verifique que ele é um portal falso, ou seja uma fonte não conhecida deve sempre levantar suspeita. A notícia, portanto, apresenta sinais típicos de fake news: não menciona nenhum Órgão Oficial de segurança, usa termos vagos sem Informações Específicas (como dados, estudos ou porcentagens) e adota uma linguagem alarmista, com afirmações absolutas como “representam um risco mortal”. Esses elementos indicam falta de confiabilidade e ajudam a identificar que a informação pode ser falsa.	Escadas rolantes paradas representam um risco mortal, podendo se abrir e engolir pedestres, especialmente idosos com mobilidade reduzida. Um vídeo recente mostra um acidente terrível, provando que elas não devem ser usadas como escadas comuns. Evite para salvar sua vida.	Nunca use escadas rolantes paradas: Elas podem "engolir" pessoas	FARSA	SEGURANÇA	Maria Oliveira Santos
128	Grok	Portal Saúde Verdadeira Online	20/09/2025	A notícia é uma farsa! Não há registros oficiais na OMS ou em agências governamentais que confirmem essa reclassificação de idade. Boatos semelhantes circulam há anos em diferentes países e sempre são desmentidos. Atente-se para: Qual documento real da OMS evidencia essa mudança? Como uma reclassificação etária seria implementada globalmente sem debates públicos ou anúncios oficiais?	A Organização Mundial da Saúde reclassificou o conceito de idoso, definindo que pessoas entre 66 e 79 anos são agora consideradas de meia-idade. Isso afeta benefícios como aposentadorias e descontos, forçando idosos a trabalhar mais. A mudança visa economizar recursos globais.	OMS muda idade para ser considerado idoso: Agora só após os 80 anos	FARSA	SOCIEDADE	Maria Oliveira Santos
129	Grok	Portal Saúde Verdadeira Online	20/09/2025	Apesar de citar o portal "Saúde Verdadeira Online", verifique que ele é um portal falso, ou seja uma fonte não conhecida deve sempre levantar suspeita. A notícia, portanto, apresenta sinais típicos de fake news: não menciona nenhum Órgão Oficial de saúde, usa termos vagos sem Informações Específicas (como dados, estudos ou porcentagens) e adota uma linguagem alarmista, com afirmações absolutas como “ALARMANTE", ou até mesmo afirmações como "não há evidências de que a vacina seja segura", sem que ao menos fazer alguma referência à Órgãos oficiais.	Uma nova campanha de vacinação contra a gripe tem levado a um aumento ALARMANTE de óbitos em asilos e hospitais do interior do país. Especialistas alertam que a vacina contém substâncias tóxicas que enfraquecem o sistema imunológico dos idosos, levando a complicações fatais em poucas horas. Não há evidências de que a vacina seja segura para pessoas acima de 60 anos.	Vacina contra gripe está causando mortes em massa entre idosos no Brasil	FARSA	SAÚDE	Dr. João Silva Mendes
130	Grok	Jornal Segurança Nacional	25/09/2025	Apesar de citar o "Jornal Segurança Nacional", verifique que ele é um portal falso, ou seja uma fonte não conhecida deve sempre levantar suspeita. A notícia, portanto, apresenta sinais típicos de fake news: não menciona nenhum Órgão Oficial de segurança, usa termos vagos sem Informações Específicas (como dados, estudos ou porcentagens) e adota uma linguagem alarmista, com afirmações absolutas como “em segundos”. Esses elementos indicam falta de confiabilidade e ajudam a identificar que a informação pode ser falsa.	Criminosos ligados ao Comando Vermelho estão ligando para idosos e clonando seus números de telefone instantaneamente, acessando contas bancárias e dados pessoais. Basta atender a chamada para que o golpe seja aplicado, levando a perdas financeiras imediatas. Autoridades recomendam não atender números desconhecidos.	Novo golpe: Ligação do Comando Vermelho clona seu telefone em segundos	FARSA	SEGURANÇA	Ana Lima Rodrigues
131	https://g1.globo.com/sp/sao-paulo/noticia/2025/09/15/video-grupo-de-bufalos-e-visto-tomando-banho-no-rio-pinheiros-em-sp-na-regiao-de-santo-amaro.ghtml	Portal G1	15/09/2025	Notícia verdadeira. Publicada pelo G1, veículo de grande credibilidade do Grupo Globo, com detalhes específicos como localização (Rio Pinheiros, Santo Amaro), quantidade de búfalos (14) e envolvimento da ViaMobilidade. A matéria inclui vídeo e depoimentos de funcionários, corroborados por cobertura local. A linguagem objetiva e a ausência de sensacionalismo reforçam a confiabilidade, verificável em portais de transparência municipal.	Um grupo de 14 búfalos foi visto tomando banho no Rio Pinheiros, em São Paulo, escapados de uma fazenda em Santo Amaro. A manada pastou na ciclovia, e a ViaMobilidade interveio para evitar acidentes.	Búfalos tomam banho no Rio Pinheiros em SP	FATO	MEIO AMBIENTE	Beatriz Backes, Fernanda Ferreira, TV Globo
132	https://www.gov.br/mma/pt-br/noticias/brasil-lanca-programa-nacional-de-reflorestamento-em-2025	Governo do Brasil (gov.br)	15/09/2025	Notícia verdadeira. Publicada no portal oficial do Ministério do Meio Ambiente, fonte governamental confiável. O programa foi anunciado em evento com a ministra Marina Silva, detalhando metas de reflorestar 12 milhões de hectares até 2030, com dados verificáveis no Plano Nacional de Recuperação da Vegetação Nativa. A linguagem técnica e a citação de parcerias com ONGs reforçam a credibilidade, corroborada por reportagens da Agência Brasil.	Brasil lança programa para reflorestar 12 milhões de hectares até 2030, focando na Amazônia e Mata Atlântica, com benefícios para o clima e saúde pública.	Brasil refloresta 12 milhões de hectares	FATO	MEIO AMBIENTE	Assessoria MMA 
133	https://g1.globo.com/saude/noticia/2025/07/18/ia-pode-identificar-pacientes-com-risco-de-alzheimer-e-ajudar-a-determinar-tratamento-precoce-diz-estudo.ghtml	BBC News Brasil	14/09/2025	Notícia verdadeira. Reportada pela BBC News Brasil, fonte jornalística global confiável, com base em entrevista com Wagner Moura sobre avanços em IA para saúde (detecção de Alzheimer via olfato). A matéria cita estudos da Universidade de Munique e aplicações no SUS, verificável em relatórios da OMS e site do STF para contexto social, com análise equilibrada e sem viés.	Wagner Moura discute como IA pode revolucionar a detecção precoce de Alzheimer no Brasil, integrando tecnologia e saúde pública para melhorar a qualidade de vida de idosos.	IA detecta Alzheimer precocemente no Brasil	FATO	SOCIEDADE	Equipe BBC
134	https://www.boatos.org/politica/lula-criou-o-auxilio-cachaca-de-r1518-para-alcoolatras.html	Redes sociais	14/09/2025	Noticia falsa: Não há registro de "Auxílio Cachaça" em leis ou no Diário Oficial. Benefícios como BPC ou aposentadoria por invalidez exigem perícia médica e não são automáticos para alcoólatras. Conteúdo sensacionalista com tom político, sem fontes confiáveis.	Estaria circulando a informação de que o presidente Lula criou um benefício chamado “Auxílio Cachaça”, no valor de R$ 1.518,00 por mês, destinado a pessoas alcoólatras. Segundo as publicações, o programa teria sido aprovado pelo governo para oferecer apoio financeiro exclusivo a dependentes de álcool, como se fosse um novo tipo de auxílio social.	Lula criou o Auxílio Cachaça de R$1518 para alcoólatras	FARSA	POLITICA	Edgard Matsuki
135	https://www.gov.br/saude/pt-br/assuntos/saude-com-ciencia/noticias/2025/janeiro/e-fake-news-nao-existe-planejamento-de-nova-pandemia	Redes sociais	08/01/2025	Notícia falsa: Ministério da Saúde desmentiu qualquer planejamento de nova pandemia. Teorias sem qualquer fundamento ou evidência.	Nova pandemia envolve financiamento público e corporações farmacêuticas.	Governo planeja nova pandemia com financiamento público e corporações farmacêuticas	FARSA	SAÚDE	
136	https://www.gov.br/saude/pt-br/assuntos/saude-com-ciencia/noticias/2025/setembro/vacinas-contra-a-covid-19-nao-causam-201cmorte-lenta201d	Redes sociais	18/09/2025	Notícia falsa: Ministério da Saúde e OMS confirmam segurança das vacinas, sem evidências de “morte lenta”.	Cientistas de Harvard teriam vazado um relatório em agosto de 2025 afirmando que as vacinas contra a covid-19 provocariam uma “morte lenta”	Vacinas contra a COVID-19 causam “morte lenta”	FARSA	SAÚDE	
137	https://g1.globo.com/am/amazonas/noticia/2025/05/13/amazonas-recebe-drones-inovadores-para-reforcar-combate-a-incendios-e-queimadas-florestais.ghtml	Portal G1	13/09/2025	Notícia verdadeira. Publicada pelo G1, veículo de alta credibilidade do Grupo Globo, com base em anúncio oficial do Governo do Amazonas e entrega realizada em evento com o Corpo de Bombeiros. A matéria detalha especificações técnicas dos drones (ex.: autonomia de 30 minutos, capacidade de 90 kg) e parceria com a UAVI, verificável no site do governo estadual e relatórios do Ministério do Meio Ambiente, com linguagem factual e sem exageros.	Governo do Amazonas recebe dois drones de última geração para combater incêndios em áreas remotas, com câmeras de alta definição e mangueira pressurizada, fortalecendo o monitoramento de queimadas no sul do estado e protegendo comunidades vulneráveis.	Drones salvam a Amazônia de incêndios	FATO	SOCIEDADE	g1 AM — Manaus 
138	https://www.bbc.com/portuguese/articles/cj6r34d6n2wo	BCC News Brasil	09/06/2025	Notícia verdadeira. Publicada pela BBC News Brasil, fonte jornalística global confiável, com entrevista ao professor Alexander Turra (IOUSP/USP) e cobertura da participação de Lula na UNOC3 em Nice (França). A matéria cita dados específicos (ex.: 40% das praias em erosão desde 2018, PL 2.159/2021 aprovado em 21/05/2025) e pronunciamentos oficiais, verificáveis no site da ONU, Diário Oficial da União e site do STF, com linguagem imparcial e análise equilibrada de ambientalistas e governo.	Professor Alexander Turra alerta para degradação crescente dos oceanos brasileiros, com branqueamento de corais e erosão em 40% das praias, criticando o PL 2.159/2021 por fragilizar licenças ambientais; Lula defende ratificação do Tratado do Alto Mar na UNOC3 em Nice.	 Oceanos brasileiros estão entrando em colapso	FATO	MEIO AMBIENTE	Julia Braun
139	https://exame.com/pop/bienal-do-livro-de-sp-anuncia-datas-para-edicao-de-2026-veja/	Exame	15/09/2025	Notícia verdadeira. Publicada pela Exame, veículo jornalístico confiável do Grupo Abril, com base em anúncio oficial da Câmara Brasileira do Livro (CBL). A matéria detalha a edição de 2025 (27ª Bienal, 6-15/09/2025) com mais de 700 autores nacionais e internacionais, incluindo nomes como Conceição Evaristo e Jeff Kinney, e 722 mil visitantes, verificável no site da CBL e relatórios da EBC. A linguagem factual e a citação de dados da CBL reforçam a credibilidade.	De acordo com a Câmara Brasileira do Livro (CBL), a 27ª Bienal do Livro de São Paulo, de 6 a 15/09/2025, reuniu 720 autores (incluindo Conceição Evaristo e Jeff Kinney), em 350 estandes no Anhembi, atraindo 722 mil visitantes com ticket-médio de R$ 208,14. O evento ofereceu 120 oficinas gratuitas e 80 debates, com entrada grátis para idosos acima de 60 anos, promovendo inclusão cultural e vendas recordes de R$ 150 milhões.	Bienal 2025: mais de 700 autores encantam SP	FATO	CULTURA	Redação Exame
140	https://g1.globo.com/fato-ou-fake/noticia/2025/07/24/e-fake-que-o-brasil-perdoou-divida-bilionaria-da-venezuela.ghtml	Página do Facebook	24/07/2025	Notícia falsa: Secretaria da Fazenda confirma que cobrança da dívida de R$ 4,4 bilhões continua integral.	Brasil perdoou a dívida da Venezuela, um montante que soma R$ 9,2 bilhões. Esse valor teria sido pego emprestado pelo governo venezuelano para fazer investimentos em obras de infraestrutura complexa.	Brasil perdoou dívida bilionária da Venezuela	FARSA	POLITICA	Não informado
141	https://g1.globo.com/fato-ou-fake/noticia/2025/09/17/e-fake-que-governo-planeja-aumentar-idade-de-aposentadoria-para-67-anos-no-brasil.ghtml	Crusoé	17/09/2025	Notícia falsa: Título sensacionalista. Ministério da Previdência nega qualquer estudo sobre aumento da idade mínima; manchete distorce notícia sobre reforma alemã para justificar contexto brasileiro.	A Reforma da Previdência de 2019 provocou revolta no Brasil, sobretudo por aumentar a idade mínima para aposentadoria, que passou a ser de 62 anos para mulheres e 65 para homens. Enquanto isso, na Alemanha, o governo pretende estender ainda mais o tempo de contribuição, passando a exigir que a idade legal de aposentadoria aumente para 67 anos a partir de 2031.	Governo planeja aumentar idade de aposentadoria para 67 anos no Brasil	FARSA	POLITICA	João Carlos Gomes
142	https://g1.globo.com/fato-ou-fake/noticia/2025/09/02/e-fake-mensagem-sobre-suposto-projeto-de-capacitacao-para-o-brasil-sem-fome-ministerio-diz-que-se-trata-de-golpe.ghtml	Grupo do Whatsapp	02/09/2025	Notícia falsa. Probabildiade alta de golpe: Ministério do Desenvolvimento Social alerta que links para suposto programa de capacitação são fraudulentos, visando roubo de dados. Pasta também diz que não solicita repasse de valores, dados bancários ou pessoais via app de mensagens	Gestores municipais podem receber R$ 300 mil para capacitação em programa, em parceria com o Ministério do Desenvolvimento e Assistência Social, Família e Combate à Fome (MDS).	Cadastre-se e Receba R$ 300 mil para capacitação de municípios no programa Brasil Sem Fome!	FARSA	POLITICA	Não informado
143	https://www.gov.br/g20/en/news/fact-or-fake-brasil-un-and-unesco-launch-global-initiative-for-information-integrity-on-climate-change?utm_source=chatgpt.com	Governo do Brasil (gov.br)	19/11/2024	Notícia verdadeira. Fonte oficial; parceria internacional; documento claro sobre os objetivos da iniciativa.	Lançada durante presidência brasileira do G20, a iniciativa reúne Brasil, ONU, UNESCO e outros países para promover integridade de informação sobre mudanças climáticas, financiar pesquisa, campanhas de comunicação pública e combater desinformação	Ministério do Meio Ambiente inaugura iniciativa global com ONU e UNESCO para combater desinformação clímática	FATO	MEIO AMBIENTE	Gov
144	https://www.apnews.com/article/709a766df54ab098e9c6b48970efa7b3	AP News	18/08/2025	Notícia verdadeira. Autoridades brasileiras apreenderam cerca de R$1,2 bilhão em bens ligados a esquema de corrupção/fraude no setor de combustíveis, envolvendo postos, plantas de etanol, empresas fantasmas e adulteração de combustível. A operação teve mandados de prisão e busca em vários estados.	Jornalismo investigativo, operação oficial de autoridades, valores de bens apreendidos, detalhes concretos.	Operação prende membros de organização criminosa que adulteravam combustíveis no Brasil	FATO	POLITICA	GABRIELA SÁ PESSOA
145	https://www.cnnbrasil.com.br/economia/macroeconomia/brasil-tem-5a-maior-alta-do-pib-no-mundo-no-1o-tri-de-2025-veja-o-ranking	BBC News Brasil	30/05/2025	Notícia verdadeira. Fontes verificadas, dados do IBGE e ranking internacional.	Segundo IBGE, o PIB brasileiro cresceu 1,4% no primeiro trimestre de 2025, colocando o país na 5ª posição mundial em termos de crescimento econômico.	Brasil tem 5ª maior alta do PIB no mundo no 1º tri de 2025	FATO	POLITICA	Matheus Oliveira
146	https://www.boatos.org/brasil/bolsa-celular-beneficio-2000.html	Grupo do Whatsapp	19/09/2025	Notícia falsa. Promessa irreal e sem base oficial: nenhum anúncio no gov.br ou portais governamentais; circula em páginas de anúncios e grupos sem checagem.	O governo vai liberar um benefício universal chamado “Bolsa Celular” de R$2.000 para que qualquer cidadão troque de smartphone.	Governo planeja “Bolsa Celular” de R$2.000 para trocar de smartphone	FARSA	POLITICA	
147	https://www.reuters.com/fact-check/portugues/PPMWVM27LVLITHGI4S2WLPYJEY-2024-09-25/?utm_source=chatgpt.com	Blog Verdades da Ana Maria	25/09/2024	Notícia falsa. Nenhum decreto ou lei encontrada; Ministério do Trabalho nega afirmações; nenhuma evidência nas fontes governamentais.	O governo vai acabar com o seguro-desemprego em 2025 e será extinto benefício!!!	Lula decreta fim do seguro-desemprego	FARSA	POLITICA	Ana M.
148	https://www.reuters.com/fact-check/portugues/MN7MUX6KYBOTZPRFVIJOOZ7DJU-2024-03-08/?utm_source=chatgpt.com	Blog Fit do Paulo	19/09/2024	Notícia falsa. Profissional da área de nutrologia confirma: bebida pode ajudar com hidratação, mas não interfere na contagem de plaquetas; boato baseado em crença popular.	Beber suco de maçã com inhame eleva o número de plaquetas no sangue, útil para COMBATER a dengue.	Suco de maçã com inhame ajuda contra a dengue	FARSA	SAÚDE	Paulo F.
149	https://www.gov.br/cultura/pt-br/assuntos/noticias/brasil-e-espanha-alinham-politicas-culturais-e-projetam-cooperacao	Governo do Brasil (gov.br)	12/09/2025	Notícia verdadeira. 	Márcio Tavares, secretário-executivo do MinC, apresentou o novo Marco Regulatório do Fomento à Cultura na Espanha, destacando a simplificação das regras de financiamento e a inclusão de povos indígenas e comunidades tradicionais em editais.	Brasil e Espanha alinham políticas culturais e projetam cooperação	FATO	CULTURA	
150	https://arxiv.org/abs/2508.10911	Cornell University	31/07/2025	Notícia verdadeira. Fonte confiável, artigo cientifico com dados verificados.	Pesquisadores desenvolveram pipelines semânticos que utilizam inteligência artificial para melhorar o acesso e a interpretação do acervo do Museu Nacional dos Povos Indígenas, facilitando a preservação e divulgação do patrimônio cultural indígena.	Museu Nacional dos Povos Indígenas utiliza inteligência artificial para preservação cultural	FATO	CULTURA	Luis Vitor Zerkowski, Nina S. T. Hirata
151	https://agenciabrasil.ebc.com.br/educacao/noticia/2025-09/minc-e-mec-lancam-arte-e-cultura-nas-escolas-de-tempo-integral	Agência Brasil	08/09/2025	Notícia verdadeira. Fonte confiável, confirmado pelos Ministérios da Cultura e Educação.	Ministério da Cultura e MEC lançaram programa que integra arte e cultura ao currículo de escolas de tempo integral, promovendo criatividade, pensamento crítico e valorização das manifestações culturais brasileiras entre estudantes.	Governo lança programa de arte e cultura nas escolas de tempo integral	FATO	CULTURA	DANIELLA ALMEIDA
152	https://www.boatos.org/saude/corte-de-cabelo-obrigatorio.html	Grupo do Whatsapp	21/03/2024	Notícia falsa. Texto sensacionalista: nenhuma autoridade de educação confirmou e não há evidências.	Decreto municipal em cidade do interior exige corte de cabelo igual para todos os alunos, como forma de disciplina.	Suposto decreto obriga cortes de cabelo iguais em escolas causa revolta	FARSA	POLITICA	Tia Joice
153	https://www.boatos.org/saude/cafe-de-capsula-faz-mal-causa-cancer-e-alzheimer-por-causa-do-aluminio-e-plastico.html?utm_source=chatgpt.com	Canal da Carol Fit	19/12/2023	Notícia falsa. Notícia sensacionalista: nenhum orgão de saúde ou pesquisas comprovam a notícia. Fonte não verificada.	Café de cápsula faz mal, causa câncer e Alzheimer por causa do alumínio e do plástico	Café de cápsula causa Alzheimer / câncer	FARSA	SAÚDE	Carol Fitness
154	https://fakeinfo.org/ESCOLA-fecharao-sextas	Grupo do Whatsapp	08/04/2025	Notícia falsa. Declaração de rumor; nenhuma secretaria da educação confirmou; ausência de qualquer normativo oficial.	Medida do governo decreta que escolas públicas vão fechar às sextas-feiras para economizar energia e água.	Escolas públicas fecharão às sextas-feiras para economizar energia	FARSA	SOCIEDADE	Não informado
155	https://www.cultura.pe.gov.br/canal/fundarpe/governo-de-pernambuco-cria-o-programa-estadual-de-educacao-patrimonial/	Governo de Pernambuco (pe.gov.br)	27/03/2025	Notícia verdadeira. Fontes confiáveis, cita orgãos públicos, decreto e anúncio oficial.	O Governo de Pernambuco lançou o Programa Estadual de Educação Patrimonial, consolidando ações da Fundarpe. A iniciativa visa valorizar o Patrimônio Cultural e estreitar laços com a sociedade civil.	Governo estadual cria programa de preservação de patrimônios históricos	FATO	CULTURA	Fundarpe
156	https://www.gov.br/cultura/pt-br/assuntos/noticias/governo-federal-cria-premio-nacional-de-literatura-indigena	Governo do Brasil (gov.br)	19/09/2025	Notícia verdadeira. Notícia é verdadeira: publicada no portal oficial do governo (Gov.br), com detalhes específicos sobre categorias, valores e metas do prêmio. A fonte é oficial e confiável, com informações públicas verificáveis.	O governo federal criou o Prêmio Nacional de Literatura Indígena, com o objetivo de reconhecer e valorizar a produção literária de autores indígenas. O prêmio contemplará obras nas categorias de poesia, prosa e literatura infantojuvenil.	Governo federal cria prêmio nacional de literatura indígena	FATO	SOCIEDADE	gov
157	https://agenciabrasil.ebc.com.br/cultura/noticia/2025-07/reconhecimento-do-jongo-como-patrimonio-chega-20-anos-com-festas?utm_source=chatgpt.com	Agência Brasil	26/05/2025	Notícia verdadeira. Publicada na Agência Brasil, veículo oficial de notícias públicas, com informações sobre datas, eventos comemorativos e importância cultural.	O Jongo, reconhecido como Patrimônio Cultural Imaterial do Brasil há 20 anos, é uma expressão cultural afro-brasileira da região sudeste, mantida por descendentes de escravizados Bantu. A transmissão de saberes ocorre por meio da oralidade, gestual e instrumentos musicais, preservando tradições e homenageando antepassados.	Reconhecimento do Jongo como patrimônio chega a 20 anos com festas	FATO	CULTURA	CRISTINA ÍNDIO DO BRASIL 
158	https://fakeinfo.org/carro-gratis-populacao-municipios	Redes sociais	09/08/2025	Notícia falsa. Nenhuma fonte oficial confirma está informação; boato se espalhou em redes sociais e WhatsApp	Projeto de mobilidade da prefeitura distribuirá carros para moradores. Cada familia tem direito há 1 carro.	Prefeitura vai distribuir carros grátis para população	FARSA	POLITICA	Nao informado
159	https://www.reuters.com/fact-check/portugues/ZKXZRHJC2FJLVCRUOZ5NMJP7II-2024-03-08/	Redes sociais	08/03/2024	Notícia falsa. Especialistas confirmam que vacina da dengue é segura, não altera DNA e não agrava doença.	Circulam vídeos afirmando que a vacina contra dengue altera DNA, pode agravar doença e até causar câncer.	Vacina contra dengue altera DNA e causa câncer	FARSA	SAÚDE	Nao informado
160				Notícia falsa.			FARSA		
161	https://www.boatos.org/brasil/vigilancia-sanitaria-pede-que-pessoas-coloquem-cloro-e-sal-nos-ralos-para-evitar-dengue-em-2025.html	Boatos.org	12/02/2025	Notícia falsa. A mensagem recicla boato antigo sem qualquer anúncio oficial da Vigilância Sanitária ou Ministério da Saúde, usando linguagem alarmista ("evite dengue agora!") para gerar pânico. Não há evidências científicas de que cloro e sal nos ralos previnam o mosquito Aedes aegypti; métodos reais incluem eliminação de água parada. Consulte sempre sites oficiais como saude.gov.br para orientações verificadas.	A Vigilância Sanitária alerta para colocar cloro e sal nos ralos de casa para evitar proliferação do mosquito da dengue em 2025, com risco de epidemia iminente.	Vigilância sanitária pede cloro e sal nos ralos para evitar dengue em 2025	FARSA	SAÚDE	Não informado
162	https://www.boatos.org/saude/vacina-contra-gripe-e-a-responsavel-pelo-aumento-das-mortes-por-influenza-no-brasil.html	Boatos.org	30/05/2025	Notícia falsa. Alegação antivacina sem respaldo em dados do Ministério da Saúde ou OMS, com tom conspiratório típico de desinformação. Vacinas reduzem casos graves, não os aumentam; números de 2025 mostram queda em internações. A ausência de estudos citados e linguagem absoluta ("causou surto") indicam manipulação. Verifique em dados oficiais do Datasus.	A vacina contra gripe de 2025 está causando mais mortes por influenza no Brasil, com idosos como principais vítimas. Isso ocorre pois o imunizante da vacina contém vírus alterados geneticamente para aumentar o uso de medicamentos e tornar as farmácias ainda mais ricas.	Vacina contra gripe causa aumento de mortes por influenza	FARSA	SAÚDE	Não informado
163	https://www.boatos.org/saude/estao-dando-vacina-bivalente-gripe-e-covid-para-matar-as-pessoas-em-2025.html	Boatos.org	15/04/2025	Notícia falsa. Não existe vacina bivalente gripe-Covid no calendário nacional; boato usa medo pós-pandemia sem fontes como Anvisa. Linguagem genocida ("para matar pessoas") é sinal clássico de fake. Órgãos de saúde confirmam segurança das vacinas disponíveis. Consulte anvisa.gov.br para composição real.	Vacina bivalente contra gripe e Covid é arma para reduzir população em 2025. Como a população do Brasil está aumentando significativamente, o governo tomou esta medida para controlar a economia.	Vacina bivalente gripe e Covid mata pessoas em 2025	FARSA	SAÚDE	Não informado
164	https://www.boatos.org/saude/golpe-da-vacina-e-do-pix-esta-sendo-aplicado-pelo-telefone-95004-1117-em-2025.html	Boatos.org	08/04/2025	Notícia falsa. Boato sobre golpe telefônico mistura saúde e finanças sem relatos oficiais da PF ou Anvisa; número falso é isca para phishing. Linguagem urgente visa pânico. Relate a autoridades via delegaciaeletronica.policiacivil.sp.gov.br.	Homem recebeu uma ligação pedindo-lhe “para pressionar 2” se ele tivesse sido vacinado. Aí ele pressionou 2 e imediatamente o telefone foi bloqueado e hackeado. Limparam a conta, fizeram PIX pelos seus dados bancários automaticamente.	Golpe da vacina e Pix por telefone em 2025	FARSA	SAÚDE	Não informado
165	https://g1.globo.com/jornal-nacional/noticia/2025/09/15/politica-de-imigracao-de-trump-faz-emissao-de-vistos-a-brasileiros-despencar-em-2025.ghtml	Portal G1	15/09/2025	Notícia verdadeira. Baseada em dados do Departamento de Estado EUA, reportados pelo G1 com queda de 25% em vistos. Linguagem técnica confirma precisão.	O número de vistos de brasileiros para os Estados Unidos caiu 25% nos primeiros cinco meses de 2025, segundo dados do Departamento de Estado americano. Foram expedidos 376 mil documentos entre janeiro e maio - 126 mil a menos do que no mesmo período de 2024. 	Política de imigração de Trump faz emissão de vistos a brasileiros despencar	FATO	SOCIEDADE	Redação JN
166	https://www.cnnbrasil.com.br/esportes/futebol/futebol-internacional/trump-pode-banir-vistos-para-brasileiros-na-copa-do-mundo-de-2026/	CNN Brasil	31/07/2025	Notícia verdadeira. Informação vindo de fonte confiável (CNN Brasil). Embora a notícia pareça alarmante, estar situado com a política internacional poderia ajudar a saber que a notícia é real, devido às recentes tensões diplomáticas entre EUA e Brasil.	Segundo apuração de Lourival Sant'Anna, analista de Internacional da CNN Brasil, o presidente Donald Trump considera a possibilidade de banir os vistos para brasileiros, incluindo o período da Copa.	Trump pode banir vistos para brasileiros na Copa do Mundo de 2026	FATO	POLÍTICA	Lourival Sant'Anna
167	https://www.infomoney.com.br/economia/mais-boi-que-gente-rebanho-bovino-do-brasil-foi-12-maior-que-a-populacao-em-2024/	IBGE	18/09/2025	Notícia verdadeira. A informação vem de fonte confiável (IBGE), responsável por dados estatísticos oficiais do país. Além disso, o Brasil é um dos maiores produtores de carne bovina do mundo, o que torna o dado plausível e consistente com o papel do país no agronegócio global.	No Brasil, número de cabeças de gado atingiu 238,2 milhões em 2024, sendo que a população estimada é cerca de 212,6 milhões de pessoas. Dados do IBGE.	Mais boi que gente: rebanho bovino do Brasil foi 12% maior que a população em 2024	FATO	SOCIEDADE	Roberto de Lira
168	https://www.google.com/url?sa=t&source=web&rct=j&opi=89978449&url=https://brasil.un.org/pt-br/264451-mundo-joga-fora-mais-de-1-bilh%25C3%25A3o-de-refei%25C3%25A7%25C3%25B5es-por-dia-aponta-%25C3%25ADndice-de-desperd%25C3%25ADcio-de&ved=2ahUKEwi29d_I9eSPAxXcA7kGHSOBASkQFnoECBoQAQ&usg=AOvVaw3aHFYWXyP--jllvYG2UMPX	ONU	27/03/2024	Notícia verdadeira. A informação vem de uma fonte confiável (ONU). Dado é plausível porque a ONU reúne estatísticas globais de diferentes países e instituições, além de refletir um problema amplamente reconhecido: o contraste entre o grande desperdício de alimentos e a persistência da fome no mundo.	Enquanto 783 milhões de pessoas foram afetadas pela fome e um terço da humanidade enfrentou insegurança alimentar, domicílios de todos os continentes desperdiçaram mais de 1 bilhão de refeições por dia em 2022. As informações são do Relatório do Índice de Desperdício de Alimentos 2024	Mundo joga fora mais de 1 bilhão de refeições por dia 	FATO	SOCIEDADE	Renata Chamarelli
169	https://www1.folha.uol.com.br/fsp/saude/sd1803201001.htm	Folha de S.Paulo	18/03/2010	Notícia verdadeira. A informação vem de dados oficiais da Prefeitura de São Paulo e do IBGE, divulgados pela Folha de S.Paulo. A linguagem objetiva e técnica, com números, recorte temporal e comparações claras, sem exageros ou tom sensacionalista, reforça a credibilidade da notícia.	Um estudo feito com dados da Prefeitura de São Paulo e do IBGE (Instituto Brasileiro de Geografia e Estatística) mostra que, de 1996 a 2005, regiões centrais da cidade apresentaram o dobro da taxa média de suicídios da periferia.	Bairros mais ricos de SP têm maior taxa de suicídio	FATO	SOCIEDADE	JULLIANE SILVEIRA
170	https://agenciabrasil.ebc.com.br/geral/noticia/2025-09/fraudes-enfraquecem-fiscalizacao-na-mineracao-dizem-movimentos	Agência Brasil 	18/09/2025	Notícia verdadeira. A informação vem de declarações oficiais do Movimento dos Atingidos por Barragens (MAB), da Associação Movimento Unificado das Vítimas da Braskem (Muvb) e da Polícia Federal, publicada pela Agência Brasil. A linguagem objetiva e técnica, com menção clara à Operação Rejeito e às prisões de diretores da ANM e SGB em setembro de 2025, sem exageros ou tom sensacionalista, reforça a credibilidade da notícia.	As organizações da sociedade civil Movimento dos Atingidos por Barragens (MAB) e a Associação dos Movimento Unificado das Vítimas da Braskem (Muvb) se pronunciaram sobre a Operação Rejeito, da Polícia Federal (PF), que prendeu esta semana os diretores da Agência Nacional de Mineração (ANM) e do Serviço Geológico do Brasil (SGB). Eles são suspeitos de fraudes no processo de autorização da exploração de minério de ferro em Minas Gerais.	Fraudes enfraquecem fiscalização na mineração, dizem movimentos	FATO	SOCIEDADE	Alex Rodrigues
171	https://www.vargemgrandepaulista.sp.gov.br/site/entrega-de-tablets-para-alunos-da-rede-municipal-de-ensino-comeca-nesta-quinta-feira4/	Redes Sociais	05/09/2025	Notícia falsa. Não há nenhum anúncio oficial da Prefeitura de São Paulo confirmando essa ação. Não cita fontes oficiais ou documentos públicos, além de ser uma notícia que estaria em todos os portais de notícias se fosse real. O tom generalista e a ausência de comprovação tornam a notícia falsa.	Algumas páginas de notícias locais afirmaram que a Prefeitura de São Paulo planejava entregar tablets gratuitos a todas as crianças da rede pública no ano seguinte, sem critérios ou limitações.	Prefeitura de SP vai distribuir tablets grátis para todas as crianças da rede pública em 2025	FARSA	POLÍTICA	Não informado
172	https://g1.globo.com/carros/noticia/2025/09/19/cnh-social-o-que-e-a-nova-carteira-de-motorista-veja-perguntas-e-respostas.ghtml	Redes Sociais	19/09/2025	Não existe nenhuma lei ou anúncio oficial confirmando essa medida. Apenas brasileiros com renda familiar inferior a meio salário mínimo por pessoa têm o direito à CNH gratuita. O tom categórico, sem citar fonte oficial, indica que se trata de uma notícia falsa	Sites e perfis em redes sociais divulgaram que o governo federal teria aprovado uma lei garantindo a emissão gratuita da Carteira Nacional de Habilitação para qualquer cidadão brasileiro a partir de 2026.	CNH passará a ser gratuita para todos os brasileiros a partir de 2026	FARSA	POLÍTICA	Não informado
173	https://www.instagram.com/reel/DOFA9DnEQo7/?utm_source=ig_web_copy_link&igsh=MzRlODBiNWFlZA==	Redes Sociais	19/09/2025	Notícia falsa. Se trata de uma notícia falsa criada com Inteligência Artificial para ser humorística. Não faria sentido o técnico da seleção brasileira fazer tal declaração pública.  A falta de fontes confiáveis e o tom fantasioso evidenciam que a notícia é inventada.	Em entrevista, técnico da seleção brasileira de futebol Carlo Ancelotti revelou que Neymar ligou, aos prantos, dizendo que foi obrigado a tatuar o escudo do Santos no peito para acalmar torcedores.	Neymar tatuou o escudo do Santos para não apanhar na rua	FARSA	CULTURA	Não informado
174	https://www.instagram.com/reel/DMgSPtgSqF3/?utm_source=ig_web_copy_link&igsh=MzRlODBiNWFlZA==	Redes Sociais	24/07/2025	Notícia falsa. Não há registro em veículos confiáveis de que Elon Musk tenha feito essa declaração em qualquer podcast. A ideia é absurda: um dos homens mais ricos do mundo dificilmente viria ao Brasil de forma tão desprotegida, muito menos para encontrar uma “namorada virtual”. O tom fantasioso e sem base em fontes oficiais evidencia que a notícia é inventada.	Em podcast, Elon Musk afirma que veio ao Brasil conhecer sua namorada virtual e foi surpreendido sendo roubado a mão armada por dois homens.	Multibilionário Elon Musk é roubado no Brasil	FARSA	CULTURA	Não informado
175	https://www.instagram.com/reel/DMQZ87AxK-K/?utm_source=ig_web_copy_link&igsh=MzRlODBiNWFlZA==	Redes Sociais	18/07/2025	Notícia falsa. Não existe registro em veículos de credibilidade de que Neymar tenha feito tal anúncio em coletiva. A ideia é absurda, já que o jogador é um dos atletas mais bem pagos do mundo e não precisaria vender ingressos de show para lidar com questões financeiras. O tom fantasioso, aliado à ausência de fontes confiáveis, mostra que a notícia é inventada.	Em entrevista, jogador de futebol Neymar anuncia que está vendendo um par de ingressos para show do Coldplay por estar em situação financeira "arriscada". Neymar não revelou os motivos de perder ter perdido sua fortuna, mas internautas criam teorias.	Neymar revende ingressos de show para ganhar renda extra	FARSA	CULTURA	Não informado
176	https://www.instagram.com/reel/DLig4tLy6cp/?utm_source=ig_web_copy_link&igsh=MzRlODBiNWFlZA==	Redes Sociais	30/06/2025	Notícia falsa. Não há registros de que Raphinha tenha dado essa entrevista em veículos confiáveis. A declaração é absurda e humorística, exagerando regras de um jogador profissional de forma irrealista. O tom fantasioso e a falta de fontes confiáveis evidenciam que a notícia é inventada.	Em entrevista, o jogador Raphinha afirma que seu trabalho é mais difícil pois não se pode comer durante o jogo e nem sair mais cedo para ir ao bar. "Vocês fazem 2 horas de almoço"	Jogador da seleção brasileira afirma que seu trabalho é mais difícil que o do brasileiro comum	FARSA	CULTURA	Não informado
177	https://www.instagram.com/reel/DJu5mbNyaJO/?utm_source=ig_web_copy_link&igsh=MzRlODBiNWFlZA==	Redes Sociais	16/05/2025	Notícia falsa. Não há registro de que Luiz Barsi tenha feito tal declaração em veículos confiáveis. A afirmação é absurda e irresponsável, sugerindo que pessoas em situação de vulnerabilidade financeira arrisquem o dinheiro do Bolsa Família em jogos de azar. O tom fantasioso e a ausência de fontes confiáveis mostram que a notícia é inventada.	Luiz Barsi, com fortuna avaliada em 4 bilhões de reais, afirma que, para enriquecer, o brasileiro deve aplicar o dinheiro do bolsa família em cassinos on-line. "É igual a bolsa de valores, mas visualmente bonita"	Bilionário brasileiro incentiva os cassinos virtuais	FARSA	SOCIEDADE	Não informado
178	https://www.instagram.com/reel/DH4FJW6yveS/?utm_source=ig_web_copy_link&igsh=MzRlODBiNWFlZA==	Redes Sociais	31/03/2025	Notícia falsa. Não há registros confiáveis de que Neymar tenha feito essa declaração. A frase é absurda e desrespeitosa, exagerando comportamentos para gerar choque e repercussão. O tom sensacionalista e a falta de fontes confiáveis evidenciam que a notícia é inventada.	Não é novidade o envolvimento de Neymar em polêmicas. Porém, o jogador afirmou publicamente que "rejeitar uma mulher só porque tem uma namorada é igual rejeitar dinheiro só porque tem um emprego", deixando os internautas impressionados com tamanho desrespeito.	Neymar defende a traição publicamente	FARSA	CULTURA	Não informado
179	https://www.uol.com.br/vivabem/noticias/redacao/2025/08/15/homem-desenvolve-doenca-rara-apos-seguir-chatgpt-e-trocar-sal-por-brometo.htm	UOL	15/08/2025	Notícia verdadeira. Apresenta detalhes mais específicos (doença rara: bromismo; substância envolvida: brometo de sódio), elementos que dificilmente aparecem em fake news genéricas. O tom do texto é técnico e informativo, sem exageros ou frases sensacionalistas, reforçando a credibilidade da notícia. Além disso, a informação foi publicada pela UOL, um dos maiores portais de notícias do Brasil.	Um homem de 60 anos foi internado nos EUA com bromismo, doença mais comum no início do século 20, depois de seguir as instruções da inteligência artificial para substituir o sal de cozinha (cloreto de sódio) por brometo de sódio	Homem desenvolve doença rara após seguir ChatGPT sobre parar de comer sal	FATO	SOCIEDADE	Não informado
180	https://www.correiobraziliense.com.br/diversao-e-arte/2025/07/7188534-banda-feita-por-inteligencia-artificial-tem-500-mil-ouvintes-em-um-mes.html	Correio Braziliense	01/07/2025	Notícia verdadeira. A fonte é Correio Braziliense, confiável, e o texto mantém um tom informativo, sem sensacionalismo, reforçando a credibilidade da notícia.	A Velvet Sundown já tem mais de 500 mil ouvintes no Spotify, mas tudo indica ser uma banda criada por IA: não há registros reais dos integrantes, as imagens parecem artificiais e não existe prova de sua existência fora das plataformas digitais.	Banda feita por inteligência artificial tem 500 mil ouvintes em um mês	FATO	CULTURA	Amanda S. Feitoza
181	https://veja.abril.com.br/coluna/o-som-e-a-furia/show-de-lady-gaga-em-copacabana-entra-para-o-livro-dos-recordes/	Veja	02/06/2025	Notícia verdadeira, indicada por números precisos e verificáveis (2,5 milhões de pessoas), detalhes contextuais (Copacabana, show gratuito), e fontes confiáveis (Guinness World Records e VEJA).	O mega show que a cantora Lady Gaga fez na Praia de Copacabana, no Rio de Janeiro, entrou para o Guinness Book, o Livro dos Recordes. Após ter reunido 2,5 milhões de pessoas em uma apresentação gratuita, Gaga foi reconhecida como a artista feminina que fez individualmente o show para o maior público. 	Show de Lady Gaga em Copacabana entra para o Livro dos Recordes	FATO	CULTURA	Felipe Branco Cruz
182	https://www.correiobraziliense.com.br/cidades-df/2025/09/7252748-golpistas-se-passam-por-funcionarios-da-rede-publica-e-cobram-valores-indevidos.html	Correio Braziliense	19/09/2025	Notícia verdadeira, indicada por informações específicas e verificáveis. O texto fornece detalhes claros sobre a prática e mantém um tom objetivo e informativo, sem sensacionalismo. A fonte é o Correio Braziliense, veículo confiável, reforçando a credibilidade da notícia.	Segundo o Instituto de Gestão Estratégica de Saúde do Distrito Federal (IgesDF), golpistas estão se passando por funcionários e entrando em contato com familiares e pacientes para solicitar pagamentos para exames e diversos outros procedimentos.	Golpistas se passam por funcionários da rede pública e cobram valores indevidos	FATO	SOCIEDADE	Luiz Fellipe Alves
183	https://veja.abril.com.br/mundo/premie-sueco-e-criticado-apos-admitir-usar-chatgpt-para-tomar-decisoes-no-governo/	Veja	05/08/2025	Notícia verdadeira, indicada por informações específicas e verificáveis. O texto apresenta detalhes claros sobre a prática e a reação pública, mantendo um tom objetivo e informativo, sem sensacionalismo. A fonte é VEJA, veículo confiável, reforçando a credibilidade da notícia.	O primeiro-ministro da Suécia, Ulf Kristersson, tornou-se alvo de uma onda de críticas nesta semana após revelar que utiliza regularmente ferramentas de inteligência artificial, como o ChatGPT e o serviço francês LeChat, para auxiliar em seu trabalho à frente do governo. Ele afirmou que a prática é comum também entre integrantes de sua equipe. 	Premiê sueco é criticado após admitir usar ChatGPT para tomar decisões no governo	FATO	POLÍTICA	Júlia Sofia
184	https://g1.globo.com/go/goias/noticia/2024/12/17/homem-conta-que-perdeu-dinheiro-e-ate-o-casamento-apos-vicio-em-apostas-desgastado.ghtml	Portal G1	17/12/2024	Notícia verdadeira. O vício em apostas online é um problema concreto e recorrente na sociedade, afetando muitas pessoas financeiramente e emocionalmente. O texto detalha os impactos pessoais e sociais, mantém um tom objetivo e informativo, sem sensacionalismo, e a fonte é o Portal G1, veículo confiável, reforçando a credibilidade da notícia.	Um homem, que não quis se identificar, revelou que perdeu cerca de R$ 700 mil após adquirir o vício em apostas online, em Goiás. Em entrevista à TV Anhanguera, ele contou que vendeu os bens como carro, casa e loja para continuar com as apostas e que, com isso, também acabou perdendo o casamento.	Homem conta que perdeu cerca de R$ 700 mil e até o casamento após vício em apostas: 'Desgastado’	FATO	SOCIEDADE	Gabriela Macêdo
185	https://g1.globo.com/economia/noticia/2022/02/09/vencedores-de-loterias-esqueceram-de-retirar-r-5868-milhoes-no-brasil-em-2021.ghtml	Portal G1	09/02/2022	Notícia verdadeira, baseada em dados da Caixa Econômica Federal. No entanto, o texto é sensacionalista, pois o valor é a soma de todos os prêmios de todo o país, e não de um único vencedor; ler a descrição é essencial para entender o contexto e não interpretar erroneamente a informação como exagero ou fake news.	Os prêmios de loterias não resgatados somaram mais de meio bilhão de reais em 2021. Segundo a Caixa Econômica Federal, os prêmios "esquecidos" e não retirados totalizaram R$ 586,8 milhõesno ano passado, incluindo as apostas de todas as modalidades no país.	Vencedores de loterias 'esqueceram' de retirar R$ 586,8 milhões no Brasil em 2021	FATO	SOCIEDADE	Darlan Alvarenga
186	https://www.instagram.com/reel/C6UIW5aNnsj/?igsh=MXA3ZjBxczVsaXBmOQ==	Redes Sociais	28/04/2024	Notícia falsa. A declaração é altamente improvável e contradiz o discurso público do presidente, que frequentemente utiliza a picanha como símbolo de melhoria do poder de compra. O vídeo pode ser uma montagem, um corte fora de contexto ou gerado por inteligência artificial (deepfake). A ausência de fontes jornalísticas confiáveis e o caráter polêmico e inusitado da frase indicam que se trata de desinformação.	Em vídeo, presidente Lula aparece afirmando que não faz sentido o povo brasileiro querer picanha, pois uma panceta com limão é muito mais saborosa.	Presidente Lula afirma que brasileiro não precisa comer picanha	FARSA	POLÍTICA	Não informado
187	https://www.instagram.com/reel/C6UfIrZN_GA/?igsh=MXRscWhmNWFuY2d1bw== 	Redes Sociais	28/04/2024	Notícia falsa. A situação descrita é absurda e fora da realidade para uma celebridade internacional, cujas visitas são geralmente acompanhadas por forte esquema de segurança. O objetivo da notícia é criar uma situação cômica e viralizar, usando uma figura pública em um contexto popular e inesperado para gerar engajamento.	Em vídeo, cantora Rihanna afirma que sente saudades de ir pra rodoviária de São Paulo pois foi muito bem recebida pelo povo lá. Além disso, disse que pretende ir ao metrô do Rio de Janeiro.	Cantora internacional Rihanna tem saudades da rodoviária de São Paulo	FARSA	CULTURA	Não informado
188	https://www.instagram.com/reel/C7ml9eDtmWZ/?igsh=eTlsa3duMTE2MGxj	Redes Sociais	30/05/2024	Notícia falsa. A criação de uma "bolsa uber" exigiria um projeto de lei complexo, com discussões sobre orçamento e viabilidade, e não seria anunciada de forma tão simplista. A frase "pra todo mundo" é um exemplo de generalização e apelo populista, características de desinformação. A ausência de cobertura por veículos de imprensa sérios sobre uma proposta de tal impacto confirma que a notícia é inventada, provavelmente a partir de um vídeo satírico ou editado.	Em vídeo, deputado federal Kim Kataguiri promete bolsa uber 'pra todo mundo que não aguenta mais ônibus'	Deputado federal promete bolsa uber	FARSA	POLÍTICA	Não informado
189	https://www.instagram.com/p/DOuAFwSFYZz/?utm_source=ig_web_copy_link&igsh=MzRlODBiNWFlZA==	Redes Sociais	19/09/2025	Notícia verdadeira. A informação é atribuída a uma fonte de alta credibilidade e relevância no tema, a Organização Mundial do Comércio (OMC). O texto apresenta dados específicos (aumento de 40% até 2040) e explica os fatores para essa previsão (redução de custos e aumento de produtividade). A linguagem é objetiva e informativa, características de uma notícia factual e baseada em um relatório ou anúncio oficial.	A inteligência artificial poderia aumentar o valor do comércio global em quase 40% até 2040, graças à redução de custos e ao aumento da produtividade, indicou nesta quarta-feira (17) a Organização Mundial do Comércio (OMC).	IA pode aumentar em 40% valor do comércio global, diz OMC	FATO	SOCIEDADE	OMC
190	https://www.instagram.com/p/DO4xGEAkYRi/?utm_source=ig_web_copy_link&igsh=MzRlODBiNWFlZA==	Redes Sociais	22/09/2025	Notícia verdadeira. Apresenta dados quantificáveis e específicos (aumento de 59% no risco, redução de 24 minutos de sono), o que confere credibilidade à informação. Além disso, contextualiza a descoberta ao mencionar que ela "reforça pesquisas anteriores", demonstrando que não é um fato isolado. O tom é informativo e alerta para um risco real, apoiado por evidências.	Um novo estudo descobriu que uma hora de uso de tela na cama aumenta o risco de insônia em 59% e reduz a duração do sono em uma média de 24 minutos por noite. Os dados reforçam pesquisas anteriores que associam tempo de tela antes de dormir a um efeito negativo nos hábitos de sono	Uso de telas na cama aumenta o risco de insônia em 59%, diz estudo	FATO	SOCIEDADE	Hjetland
191	https://g1.globo.com/economia/agronegocios/noticia/2025/09/19/brasil-tem-12percent-mais-bovinos-do-que-gente-e-305-ovos-por-habitante-veja-numeros-agro.ghtml	Portal G1	19/09/2025	Notícia verdadeira. Os dados são oficiais do IBGE, divulgados pela Pesquisa da Pecuária Municipal (PPM), fonte primária de estatísticas sobre a produção agropecuária no Brasil. A comparação entre número de habitantes e de rebanhos usa dados populacionais da mesma base.	O Brasil tem 12% mais bovinos do que gente. É o que mostram dados de 2024 da Pesquisa da Pecuária Municipal (PPM), divulgada na última quinta-feira (18) pelo Instituto Brasileiro de Geografia e Estatística (IBGE). O levantamento anual dá os números da produção de alimentos de origem animal e dos rebanhos brasileiros. No ano passado, o rebanho de galinhas bateu recorde e o de gado foi o segundo maior da série histórica iniciada em 1974, superando o marco anterior, de 2023. Veja abaixo o tamanho dos rebanhos em 2024 em relação ao número de habitantes. Naquele ano, o IBGE estimou que a população brasileira era de 212,5 milhões.      Bovinos (principalmente boi e vaca): 238,2 milhões — 12% maior que a população brasileira.       ​Galináceos (principalmente frango e galinha): 1,6 bilhão de aves — quase 8 vezes mais que habitantes.       Ovos: 5,4 bilhões de dúzias (64,8 bilhões de unidades) — cerca de 305 ovos por habitante.  	Brasil tem 12% mais bovinos do que gente e 305 ovos por habitante: veja números do agro 	FATO	MEIO AMBIENTE	Redação g1
192	https://g1.globo.com/pop-arte/cinema/noticia/2025/09/15/oscar-2026-o-agente-secreto-e-escolhido-como-representante-brasileiro-na-premiacao.ghtml	Portal G1	15/09/2025	Notícia verdadeira. O anúncio foi feito pela Academia Brasileira de Cinema, entidade responsável pela escolha do representante nacional ao Oscar. Trata-se de um processo público e oficial, divulgado na imprensa.	"O agente secreto", dirigido por Kleber Mendonça Filho, foi o escolhido pelo Brasil para disputar uma vaga no Oscar 2026 na categoria de Melhor Filme Internacional, vencida neste ano (2025) por "Ainda Estou Aqui". O anúncio foi feito pela Academia Brasileira de Cinema na manhã desta segunda-feira (15/09/25). A cerimônia do Oscar 2026 acontece no dia 15 de março de 2026. O filme deve estrear no Brasil no dia 6 de novembro. A escolha do filme pelo Brasil não garante a indicação para o Oscar. Ele ainda vai disputar com filmes de outros países em busca de uma vaga na lista final de cinco indicados.	Oscar 2026: 'O agente secreto' é o representante do Brasil em busca de vaga na premiação	FATO	CULTURA	Redação g1
193	https://g1.globo.com/economia/noticia/2025/09/15/por-que-os-voos-domesticos-no-brasil-sao-tao-caros.ghtml	Portal G1	15/09/2025	Notícia verdadeira. A análise é baseada em dados de mercado e em especialistas do setor de turismo internacional, como Emilio Inés Villar, que explicam os fatores estruturais: ausência de low cost, concentração de mercado e alta tributação. Pergunte-se: como a concorrência pode alterar preços para o consumidor?	O Brasil lidera os preços médios de passagens aéreas na América Latina, mesmo em rotas de distância semelhante às de outros países. Especialistas apontam como principais causas a ausência de companhias low cost (baixo custo) e a concentração do mercado em apenas três grandes empresas: Gol, Azul e Latam. Essas companhias atuam de forma semelhante, sem oferecer modelos de tarifas mais acessíveis. Segundo Emilio Inés Villar, responsável de turismo internacional na The Data Appeal Company - Almawave Group, o setor enfrenta um alto custo estrutural e uma carga tributária pesada. Ele destaca também a instabilidade monetária, já que aeronaves são financiadas em dólares, enquanto as receitas vêm em reais. 	Por que os voos domésticos no Brasil são tão caros?	FATO	ECONOMIA	Por Matheus Gouvea de Andrade
194	https://www.terra.com.br/noticias/brasil/cidades/teto-do-aquario-do-rio-se-rompe-e-vazamento-assusta-visitantes,ffb6e6cb627acab1522eec2427d1ac0c3wsaqyd6.html	Terra	19/09/2025	Notícia verdadeira. O caso foi confirmado pelo próprio AquaRio em nota oficial à imprensa, detalhando que o incidente não gerou riscos aos visitantes ou aos animais. A informação veio diretamente da instituição responsável, o que garante credibilidade.	Um vazamento em um dos tanques do AquaRio, na região portuária do Rio de Janeiro, assustou visitantes na tarde desta quinta-feira, 18. Segundo relatos, o problema começou com o disparo de um alarme, seguido pelo aumento do fluxo de água em uma das áreas de visitação. Em nota, o AquaRio informou que houve o transbordamento de um pequeno recinto, o que ocasionou a queda parcial de parte do forro. A instituição destacou que a situação foi rapidamente controlada e que não houve riscos para visitantes, colaboradores ou animais. O local não precisou ser fechado e as visitas seguem normalmente. Apenas uma área parcial permanece isolada para reparos. O AquaRio afirmou ainda reforçar seu compromisso com a segurança, o bem-estar dos animais e a melhor experiência para o público.	Teto do Aquário do Rio se rompe e vazamento assusta visitantes	FATO		Redação Terra
195	https://www.terra.com.br/economia/apos-minima-historica-trabalho-infantil-tem-leve-crescimento-no-brasil-em-2024,c7de6cc3845ac4f59b701e5abeaab243nuwssomf.html	Terra	19/09/2025	Notícia verdadeira. O dado vem do IBGE, que realiza a PNAD Contínua e adota critérios da OIT para definir o que é considerado trabalho infantil. A metodologia oficial garante a confiabilidade do número, ainda que o aumento tenha sido pequeno.	Após atingir o menor percentual da série histórica em 2023, a taxa de crianças e adolescentes em situação de trabalho infantil cresceu 0,1 ponto percentual no ano passado, atingindo 4,3% da população de 5 a 17 anos de idade. O leve aumento ainda não é suficiente para demonstrar uma tendência de crescimento no trabalho infantil no Brasil, segundo afirma o IBGE. O dado foi divulgado nesta sexta-feira, 19, em mais um recorte da Pesquisa Nacional por Amostra de Domicílios (Pnad).  Vale ressaltar que nem toda atividade laboral feita por crianças e adolescentes é considerada trabalho infantil. O IBGE leva em consideração a classificação da Organização Internacional do Trabalho (OIT), que diz que o trabalho infantil é "aquele que é perigoso e prejudicial para a saúde e o desenvolvimento mental, físico, social ou moral das crianças e que interfere na sua escolarização".	Após mínima histórica, trabalho infantil tem leve crescimento no Brasil em 2024	FATO	POLÍTICA	Redação Terra
196	https://noticias.stf.jus.br/postsnoticias/stf-fixa-criterios-para-que-planos-de-saude-cubram-tratamentos-fora-da-lista-da-ans/	STF	18/09/2025	Notícia verdadeira. A decisão foi tomada em plenário pelo Supremo Tribunal Federal e registrada em ata, o que assegura a validade da informação. A cobertura pela imprensa reflete fielmente o julgamento e seus critérios.	Por maioria de votos, o Supremo Tribunal Federal (STF) decidiu, nesta quinta-feira (18), que os planos de saúde devem autorizar tratamentos não previstos na lista da Agência Nacional de Saúde Suplementar (ANS), desde que sigam todos os cinco critérios técnicos definidos pelo Tribunal: – o tratamento deve ser prescrito por médico ou odontólogo assistente; – o tratamento não pode ter sido expressamente negado pela ANS nem estar pendente de análise para sua inclusão no rol;  – não deve haver alternativa terapêutica adequada no rol da ANS;  – o tratamento deve ter comprovação científica de eficácia e segurança;  – o tratamento deve ser registrado na Agência Nacional de Vigilância Sanitária (Anvisa).	STF fixa critérios para que planos de saúde cubram tratamentos fora da lista da ANS 	FATO	POLÍTICA	Não informado
197	https://www.cnnbrasil.com.br/nacional/norte/am/amazonia-tem-o-segundo-rio-mais-poluido-por-plastico-do-mundo-diz-estudo/	CNN Brasil	16/09/2025	Notícia verdadeira. O estudo é coordenado pela Fiocruz em parceria com o Instituto Mamirauá e foi publicado em revista científica internacional (AMBIO). A revisão estruturada de dados torna o alerta confiável e fundamentado.	A floresta amazônica está em alerta para uma extensa contaminação por plásticos, segundo um estudo coordenado pela Fiocruz, em parceria com o Instituto de Desenvolvimento Sustentável Mamirauá. Pesquisadores alertam para os riscos à saúde das comunidades ribeirinhas e indígenas. A Amazônia tem o segundo rio mais poluído por plástico do mundo e a maior bacia hidrográfica do planeta, de acordo com a bióloga e colaboradora da Fiocruz Jéssica Melo, responsável pelo artigo “Plastic pollution in the Amazon: the first comprehensive and structured scoping review” que foi publicado na revista AMBIO. O artigo mostra que a presença de poluição plástica afeta diversos cenários da Amazônia, como fauna, flora, sedimentos e água, além de comunidades locais. "A contaminação de fontes importantes de alimentos e de água representa um grande risco para a Saúde Única de populações tradicionais”, afirma a bióloga.	Amazônia tem o segundo rio mais poluído por plástico do mundo, diz estudo	FATO	MEIO AMBIENTE	Alan Cardoso, da CNN*, São Paulo
198	https://www.cnnbrasil.com.br/viagemegastronomia/gastronomia/cervejas-brasileiras-levam-ouro-em-competicao-da-alemanha/	CNN Brasil	17/09/2025	Notícia verdadeira. O European Beer Star é um concurso internacional de prestígio, com júri especializado e metodologia clara de avaliação sensorial. A divulgação ocorreu durante a feira Drinktec, confirmando a legitimidade dos resultados.	Cinco cervejas brasileiras levaram medalha de ouro no European Beer Star 2025, concurso alemão que elege as melhores cervejas do mundo. Outros dois rótulos nacionais conquistaram medalha de prata. Os resultados foram divulgados nesta quarta-feira (17) durante a Drinktec, uma das maiores e mais importantes feiras de bebidas do mundo, realizada em Munique. O European Beer Star acontece desde 2004 e premia apenas as três melhores cervejas de cada categoria, entregando medalhas de ouro, prata e bronze. Neste ano, um júri de 150 profissionais avaliou um total de 2.202 cervejas de todo o mundo ao longo de dois dias. As degustações às cegas ocorreram em Nuremberg, na Baviera. Ao todo, o concurso dividiu as cervejas em 74 categorias. A avaliação foi baseada em critérios sensoriais, como aroma, sabor e aparência. Cervejas nacionais medalhistas de OURO no European Beer Star 2025:       Categoria Bohemian-Style Dark Lager: Brotas Beer Schwarzbier - Brotas Beer (Brotas, SP)     Categoria Ultra Strong Beer: Craft Beer is Dead Weizenbock - Cervejaria Bamberg (Votarantim, SP)     Categoria Italian Grape Ale: Leopoldina Italian Grape Ale Riesling - Brewine Leopoldina (Garibaldi, RS)     Categoria IPA: Leopoldina Ipa - Brewine Leopoldina (Garibaldi, RS)     Categoria Session IPA: Leopoldina Session Ipa - Brewine Leopoldina (Garibaldi, RS) 	Cervejas brasileiras levam ouro em competição da Alemanha	FATO	GASTRONOMIA	CNN Viagem & Gastronomia
199	https://g1.globo.com/politica/noticia/2025/09/19/governo-extingue-44-mil-cargos-considerados-obsoletos.ghtml	Portal G1	19/09/2025	Notícia verdadeira. A declaração foi dada pela ministra Esther Dweck em entrevista à GloboNews e confirmada por dados do Ministério da Gestão. A extinção de cargos obsoletos é prática administrativa comum, documentada em atos oficiais.	A ministra da Gestão, Esther Dweck, afirmou em entrevista à GloboNews nesta sexta-feira (19) que o governo federal extinguiu entre 2023 e 2025 mais de 44,5 mil cargos públicos considerados "obsoletos". Ainda segundo a ministra, outros 21,6 mil postos na área da educação que continuam ocupados serão fechados. Entre os postos de trabalho que foram fechados nos últimos anos estão os de datilógrafo, ascensorista, motorista e auxiliar de enfermagem. 	Governo extingue mais de 44 mil cargos considerados 'obsoletos'	FATO	POLÍTICA	Redação g1 - Brasília
200	https://www.parana.pr.gov.br/aen/Noticia/Consumo-de-energeticos-Saude-alerta-para-problemas-cardiacos-em-adolescentes-e-jovens	Governo do Estado do Paraná	17/09/2025	Notícia verdadeira. A Secretaria de Saúde do Paraná emitiu o alerta com base em evidências científicas e dados de consumo de energéticos e medicamentos. A relação entre excesso de cafeína, uso indevido de fármacos e problemas cardiovasculares é documentada por estudos médicos. Considere: você já leu rótulos de energéticos? Pergunte-se: por que substâncias de uso recreativo são tratadas como inofensivas quando podem causar riscos sérios?	A Secretaria de Saúde do Paraná faz uma alerta para problemas cardiovasculares em adolescentes e jovens adultos, de 15 a 30 anos, um perfil que não se enquadra no grupo considerado de risco para esse tipo de doença, mas que, muitas vezes, tem adotado comportamentos que podem levar a essa condição. Entre eles, alimentação pobre em nutrientes, sedentarismo e o uso indiscriminado de bebidas energéticas e medicamentos como tadalafila, indicado para disfunção erétil, mas utilizado com a intenção de ganho de massa muscular, algo que não tem qualquer comprovação científica. O consumo excessivo de cafeína, ingrediente das bebidas energéticas, pode provocar problemas cardíacos, como o coração bater mais rápido, palpitação, aumento da pressão arterial e infarto. Pesquisa recente realizada pela empresa Kantar indica um aumento no consumo, alcançando 38% dos lares brasileiros. Essa alta também é registrada fora dos domicílios, como em bares, com 22% do público. Da mesma forma, o consumo irregular e sem prescrição médica de medicamentos como tadalafila pode causar queda de pressão e severos riscos cardiovasculares. “Esse medicamento está sendo utilizado por muitos jovens de forma recreativa, como pre-treino em academias. Eles esperam o aumento da massa muscular, algo que não tem comprovação científica e que pode causar dependência e riscos severos à saúde”, reforçou Beto Preto, secretário de Saúde.	Consumo de energéticos: Saúde alerta para problemas cardíacos em adolescentes e jovens	FATO	SAÚDE	Editoria
201	https://www.uol.com.br/vivabem/noticias/redacao/2025/09/18/insonia-remedio-aprovado-pela-anvisa-esta-entre-os-melhores-do-mundo.htm	uol	18/09/2025	Notícia verdadeira. A aprovação pela Anvisa garante que o lemborexanto passou por avaliação regulatória oficial. Além disso, estudos publicados em revistas científicas, como The Lancet, reforçam a eficácia e segurança do medicamento. Analise: por que a validação científica internacional importa para o uso no Brasil? Considere: como diferenciar promessas milagrosas de tratamentos baseados em pesquisas sérias?	Um novo medicamento para o tratamento da insônia, aprovado pela Anvisa (Agência Nacional de Vigilância Sanitária), deve chegar às farmácias brasileiras nos próximos meses. Trata-se do lemborexante, que será vendido comercialmente no Brasil como Dayvigo pela farmacêutica japonesa Eisai. O que aconteceu Fármaco tem mecanismo de ação diferente das drogas já disponíveis no país. Enquanto outros fármacos já usados no Brasil provocam uma ação de sono, o lemborexante bloqueia a engrenagem que mantém a pessoa acordada. Espera-se ele gere menos quadros de dependência. Estudo da Universidade de Oxford publicado na revista científica The Lancet, em 2022, mostrou que o medicamento está entre os melhores em critérios de eficácia, aceitabilidade e tolerabilidae - entre 36 opções avaliadas. Ele dividiu a posição com a eszopiclona	Remédio contra insônia aprovado pela Anvisa está entre os melhores do mundo.	FATO	SAÚDE	VivaBem, em São Paulo… - Veja mais em https://www.uol.com.br/vivabem/noticias/redacao/2025/09/18/pressao-12x8-agora-e-reclassificada-como-pre-hipertensao-entenda-mudanca.htm?cmpid=copiaecola
202	https://ultimosegundo.ig.com.br/brasil/2025-09-16/amazonia-se-aproxima-do--ponto-de-nao-retorno--do-bioma--entenda.html	Portal IG	16/09/2025	Notícia verdadeira. O MapBiomas é uma fonte reconhecida que monitora o desmatamento com dados satelitais. Pesquisas de especialistas confirmam os riscos ecológicos de ultrapassar limites críticos no bioma. Pergunte-se: quais interesses econômicos alimentam o desmatamento? Considere: como políticas públicas e consumo individual podem afetar diretamente esse cenário?	A Amazônia se aproxima da faixa que a ciência prevê como possível ponto de não retorno do bioma. Segundo o MapBiomas, entre 1985 e 2024 a floresta perdeu 52 milhões de hectares de vegetação nativa. Essa perda representa cerca de 13% dos 421 milhões de hectares da Amazônia, que ocupa 49,5% do território brasileiro. Segundo uma especialista ouvida pelo iG, atingir o ponto de não retorno é extremamente preocupante, com impactos que ultrapassam as fronteiras da Amazônia Legal. Segundo a bióloga Patrícia Farias de Souza, formada pela Universidade Federal Fluminense (UFF), no caso da Amazônia, se o desmatamento atingir um limite crítico, grandes áreas podem se transformar em savana, afetando o clima, a biodiversidade e os serviços ambientais essenciais. Além disso, caso a Amazônia chegue a ultrapassar esse limite, a floresta perderia sua capacidade de manter o ciclo de chuvas, o que afetaria  a agricultura, a disponibilidade de água e o clima em escala continental.	Amazônia se aproxima do "ponto de não retorno" do bioma; entenda	FATO	MEIO AMBIENTE	Luana Medeiros
203	https://www.climatempo.com.br/noticia/mudancas-climaticas/a-historia-de-sucesso-da-recuperacao-da-camada-de-ozonio	Climatempo	17/09/2025	Notícia verdadeira. A redução do buraco na camada de ozônio é confirmada por relatórios da Organização Mundial de Meteorologia e está ligada à implementação do Protocolo de Montreal, um acordo internacional amplamente reconhecido. Analise: como a cooperação global trouxe resultados concretos?	O buraco na camada de ozônio continuou a diminuir em 2024 e chegou ao menor tamanho registrado nos últimos anos, divulgou nesta terça-feira (16/09/2025) a Organização Mundial de Meteorologia (OMM). Segundo a agência da ONU, a recuperação dessa camada deve ocorrer até 2066.     “A tendência positiva a longo prazo reflete o sucesso da ação internacional coordenada”, destacou a OMM. Nos anos 1980, a camada de ozônio mexeu com a imaginação do público, enquanto os cientistas alertavam que sua contínua destruição poderia ter consequências catastróficas para a humanidade e para o planeta. 	A história de sucesso da recuperação da camada de ozônio	FATO	MEIO AMBIENTE	Josélia Pegorim
204	https://agenciabrasil.ebc.com.br/meio-ambiente/noticia/2025-09/onu-aumenta-auxilio-financeiro-para-paises-pobres-na-cop30	Agência Brasil	17/09/2025	Notícia verdadeira. A informação foi divulgada pela própria presidência brasileira da COP30 e pelo Bureau da UNFCCC, instituições oficiais e confiáveis. O reajuste no auxílio reflete debates sobre equidade na participação global. Considere: de que forma o acesso desigual a eventos internacionais compromete a representatividade de países em desenvolvimento?	A Organização das Nações Unidas (ONU) anunciou que irá aumentar a ajuda financeira para países menos desenvolvidos custearem os gastos com a participação na COP30, que será realizada em novembro, em Belém.  De acordo com comunicado da presidência brasileira da COP30, o secretário-executivo do Bureau da Convenção-Quadro das Nações Unidas sobre Mudança do Clima (UNFCCC, sigla em inglês), Simon Stiell, informou que a taxa diária das Nações Unidas passará de US$ 144 para US$ 197. O valor é concedido a 144 países em desenvolvimento.  O aumento atende demanda desses países que têm criticado os altos preços das acomodações na capital paraense, alegando impossibilidade de participação e um possível comprometimento da representatividade das nações-partes na conferência. O reajuste do valor teve apoio do Brasil.	ONU aumenta auxílio financeiro para países pobres na COP30 	FATO	MEIO AMBIENTE	 Agência Brasil 
205	https://www.camara.leg.br/noticias/1200068-comissao-aprova-programa-mais-cultura-nas-escolas/	Agência Câmara de Notícias	15/09/2025	Notícia verdadeira. A tramitação do Projeto de Lei está registrada na Câmara dos Deputados, fonte oficial e pública. Além disso, os objetivos do programa estão alinhados com políticas já existentes de incentivo cultural e educacional. Pergunte-se: como a cultura na escola influencia a formação cidadã? Considere: por que o investimento em arte e cultura costuma enfrentar resistência em comparação a outras áreas?	A Comissão de Educação da Câmara dos Deputados aprovou o programa Mais Cultura nas Escolas (Projeto de Lei 533/24), que busca ampliar o acesso à cultura de estudantes, professores e comunidades a partir da parceria entre União, estados, Distrito Federal e municípios e a sociedade civil. De acordo com a proposta, a transferência dos recursos às instituições de ensino ficará condicionada à adesão ao Mais Cultura nas Escolas e ao cumprimento do Plano de Atividade Cultural. Continuam como eixos temáticos do plano:     residência de artistas para pesquisa e experimentação nas escolas;     criação, circulação e difusão da produção artística;     promoção cultural e pedagógica em espaços culturais;     educação patrimonial;     cultura digital e comunicação;     culturas indígenas;     educação museal. 	Comissão aprova programa Mais Cultura nas Escolas	FATO	EDUCAÇÃO	Reportagem - Francisco Brandão; Edição - Geórgia Moraes 
206	https://mundoverde.org/torre-solar-mais-alta-do-mundo-no-deserto-saara	Mundo Verde	20/09/2025	Notícia falsa. Não existe nenhum registro de construção da “maior torre solar do mundo” no Saara em andamento. Grandes projetos de energia solar são divulgados amplamente por agências de energia e empresas internacionais. Pergunte-se: por que um investimento bilionário global não teria cobertura em veículos reconhecidos?	Uma coalizão de países africanos e europeus teria iniciado a construção da maior torre de energia solar já feita, localizada no deserto do Saara. A usina seria capaz de abastecer toda a Europa com energia limpa até 2030. Engenheiros chineses e alemães estariam supervisionando a obra em conjunto, em caráter sigiloso.	Torre solar no Saara promete abastecer toda a Europa até 2030	FARSA	MEIO AMBIENTE	Ana Amaral
207	https://sociedadeglobal.net/chip-obrigatorio-cidadaos	Sociedade Global	20/09/2025	Notícia falsa. Não existe lei que obrigue a implantação de chips em cidadãos. Propostas assim aparecem em teorias conspiratórias, mas não têm base legal ou respaldo científico. Analise: por que uma medida tão polêmica não seria debatida abertamente no Congresso ou registrada em diários oficiais?	A reportagem alega que o governo federal teria aprovado uma lei que obriga todos os brasileiros a implantarem um chip subcutâneo até 2027. O dispositivo, segundo o texto, serviria para identificar pessoas em hospitais, bancos e aeroportos, substituindo documentos tradicionais. O artigo ainda menciona que empresas de tecnologia já estariam produzindo os primeiros lotes de chips para distribuição nacional.	Chip subcutâneo será obrigatório no Brasil até 2027	FARSA	POLÍTICA	Roberto Carlos
208	https://agrohoje.net/soja-transgenica-cura-diabetes	Agro Hoje	20/09/2025	Notícia falsa. Não existe evidência científica de que soja transgênica cure diabetes. Pesquisas sérias sobre a doença passam por ensaios clínicos rigorosos e são publicadas em revistas médicas. Considere: por que um suposto “remédio milagroso” não teria sido divulgado por instituições como OMS ou Ministério da Saúde?	Pesquisadores brasileiros desenvolveram uma variedade de soja transgênica capaz de curar completamente o diabetes tipo 2 em pacientes. A proteína modificada na planta substitui a necessidade de insulina e esta prestes a ser comercializada em supermercados. A matéria ainda sugere que laboratórios farmacêuticos estariam tentando barrar a novidade para não perder mercado.	Nova soja transgênica promete curar diabetes em supermercados	FARSA	SAÚDE	Shakira
209	https://sociedadehoje.org/moeda-unica-mercosul-entra-em-vigor	Sociedade Hoje	19/09/2025	Notícia falsa. Apesar de discussões sobre integração econômica no Mercosul, não existe adoção oficial de moeda única. Nem Banco Central nem governos anunciaram essa mudança. Pergunte-se: como tal transformação ocorreria sem impactos divulgados em mercados e bancos?	Os países do Mercosul decidiram adotar uma moeda única chamada “Sul”, que já esta em circulação a partir de outubro. Os cidadãos devem trocar suas moedas nacionais em agências bancárias, sob pena de não poderem mais utilizá-las. Vale ressaltar que cartões e aplicativos bancários migrarão automaticamente para a nova moeda.	Mercosul lança moeda única e real deixa de existir em outubro	FARSA	ECONOMIA	Paula Money
210	https://culturaativa.org/michelangelo-obra-secreta-descoberta	Cultura Ativa	19/09/2025	Notícia falsa. Não houve nenhuma descoberta recente confirmada de obras inéditas de Michelangelo. Instituições de arte internacionais, como os museus do Vaticano, sempre divulgam achados de relevância global. Analise: por que uma obra desse nível seria revelada por um site obscuro e não por instituições oficiais?	Pesquisadores italianos encontraram uma pintura inédita de Michelangelo escondida dentro de uma igreja abandonada na Toscana. A obra, segundo a reportagem, estaria em perfeito estado de conservação e mudaria a forma como o artista é estudado. Além disso, especialistas não identificados teriam afirmado que o quadro pode valer bilhões de euros.	Descoberta obra inédita de Michelangelo em igreja abandonada	FARSA	CULTURA	Rita Li
211	https://verdeclaro.net/amazonia-transformada-em-deserto	Verde Claro	19/09/2025	Notícia falsa. Cientistas indicam que a Amazônia enfrenta desmatamento severo, mas não existe nenhuma evidência de desertificação completa em poucos anos. O bioma é resiliente e mudanças tão drásticas não acontecem nesse ritmo. Considere: por que fontes científicas globais não confirmariam algo tão alarmante?	Estudos internacionais apontam que toda a Floresta Amazônica será transformada em um deserto até 2028. Já há regiões com areia substituindo a vegetação e comunidades indígenas estão migrando em massa. A ONU esta preparando planos emergenciais para evacuar áreas inteiras do Norte do Brasil.	“Estudo prevê Amazônia desértica em apenas três anos”	FARSA	MEIO AMBIENTE	Não informado
212	https://politicanova.org/eleicoes-adiadas-por-10-anos	Política Nova	18/09/2025	Notícia falsa. A Constituição Federal estabelece prazos fixos para eleições e não há qualquer proposta oficial que permita adiá-las por 10 anos. Nenhum órgão competente, como o TSE ou o Congresso, anunciou mudanças desse tipo. Pergunte-se: quem teria poder de aprovar tamanha alteração sem amplo debate público?	Devido a crises econômicas e políticas, o governo decidiu adiar todas as eleições municipais, estaduais e federais por um período de 10 anos. Segundo a reportagem, essa medida buscaria “estabilidade institucional” e teria sido aprovada em votação secreta no Congresso. Novos mandatos serão prorrogados automaticamente até 2035.	“Eleições no Brasil são suspensas e só voltarão em 2035”	FARSA	POLÍTICA	Não informado
213	https://fakeinfo.org/batata-frita-causa-cancer	Alerta Nutricional	18/09/2025	Notícia falsa. Não há estudos que comprovem que batatas fritas causem câncer em consumo moderado. Pergunte-se: qual a base científica para tais afirmações?	Consumir batata frita diariamente aumenta o risco de câncer em até 40%. Especialistas indicam que substâncias químicas liberadas durante a fritura seriam altamente nocivas, provocando mutações celulares. Diversos relatos online sustentam a alegação, incentivando a substituição por alimentos assados ou cozidos.	Consumo diário de batata frita eleva risco de câncer, afirmam relatos	FARSA	SAÚDE	Tia Joana
214	https://fakeinfo.org/smartphone-afeta-inteligencia	Tecno Ciência	18/09/2025	Falsa. Não há evidências confiáveis de que smartphones reduzam inteligência. Pergunte-se: como seria medida essa diminuição?	Um relatório sugere que o uso constante de smartphones pode reduzir a capacidade intelectual. Usuários que passam mais de cinco horas por dia em aplicativos teriam menor desempenho cognitivo. O artigo recomenda limitar o uso e priorizar atividades analógicas para manter a mente ativa.	Uso excessivo de smartphones pode diminuir inteligência, alerta estudo	FARSA	TECNOLOGIA	Roberta Rebelde
215	https://fakeinfo.org/ovo-engorda-instantaneamente	Nutrição Hoje	17/09/2025	Falsa. Não há evidências de que ovo cozido ou frito cause ganho de peso instantâneo. Pergunte-se: como um alimento simples poderia causar efeito tão rápido sem estudos científicos?	Segundo um artigo recente, comer ovos todos os dias poderia causar aumento de peso em questão de dias. A proteína presente nos ovos acelera o metabolismo de forma irregular, armazenando gordura rapidamente. Relatos anônimos indicam mudanças significativas no corpo após apenas uma semana de consumo.	Comer ovos diariamente provoca ganho de peso rápido, afirmam especialistas	FARSA	SAÚDE	Dennis 
216	https://fakeinfo.org/agua-com-gelo-causa-artrite	Vida e Saúde	17/09/2025	Falsa. Beber água com gelo não causa artrite; isso é mito antigo. Pergunte-se: como pequenas alterações de temperatura poderiam afetar articulações permanentemente? Analise fontes médicas confiáveis.	A notícia afirma que consumir água gelada diariamente pode provocar artrite nas articulações. Segundo especialistas, a prática teria efeitos cumulativos sobre ossos e cartilagens, aumentando o risco de inflamação. Muitos leitores relatam dores após ingestão de bebidas frias, sendo alertados a consumir água morna para prevenir problemas.	Consumir água gelada diariamente pode causar artrite, alerta site	FARSA	SAÚDE	Não informado
217	https://fakeinfo.org/wifi-faz-perder-visao	Mundo	17/09/2025	Falsa. Não existem evidências científicas de que o Wi-Fi cause perda de visão. Pergunte-se: por que grandes órgãos de saúde não alertam sobre isso? Analise dados confiáveis antes de acreditar.	Um artigo viral afirma que a exposição contínua ao Wi-Fi pode levar à perda de visão. Usuários que passam longas horas conectados teriam notado visão embaçada e fadiga ocular crescente. Especialistas online recomendam desconectar-se de redes sem fio e usar cabos para prevenir danos à visão. Relatos de diferentes cidades sustentam a alegação, mas sem comprovação científica.	Exposição prolongada ao Wi-Fi pode prejudicar visão, dizem relatos	FARSA	TECNOLOGIA	Élou Mãsqui
218	https://fakeinfo.org/cafe-engorda	Café & Saúde	16/09/2025	Notícia falsa. A notícia afirma que o café diário causa ganho de peso rápido, mas não há evidências científicas que suportem essa alegação. O café sozinho não engorda; o peso depende de dieta, calorias totais e metabolismo. Pergunte-se: por que afirmam aumento de 5 kg em um mês sem nenhum estudo confiável? Analise os dados e fontes antes de acreditar.	Um estudo recente afirma que beber café todos os dias pode levar a um ganho de peso considerável em poucas semanas. Segundo relatos de participantes, aqueles que consumiram mais de três xícaras diárias apresentaram aumento de até 5 kg em um mês. Especialistas do site comentam que o café aceleraria o metabolismo de forma irregular, acumulando gordura abdominal e causando retenção de líquidos.	Café causa ganho de peso!	FARSA	SAÚDE	Não informado
219	https://fakeinfo.org/iphone-faz-radar	TecnoMundo	16/09/2025	Notícia falsa. A notícia afirma que iPhones interferem em radares de trânsito, mas não há testes ou evidências técnicas que confirmem essa alegação. Relatos anônimos não são suficientes para validar a informação. Pergunte-se: existe algum estudo oficial sobre interferência de celulares em radares?	Usuários de redes sociais relataram que os radares de trânsito estariam apresentando falhas quando iPhones estão próximos. Segundo a matéria, motoristas perceberam mudanças na velocidade registrada e alertas inconsistentes. A reportagem cita diversos casos em diferentes cidades, sugerindo que o telefone poderia interferir nos sistemas de detecção. Técnicos afirmam que testes seriam necessários para confirmar a interferência, mas o assunto ganhou grande repercussão online.	iPhones podem afetar funcionamento de radares de trânsito?	FARSA	TECNOLOGIA	Não informado
220	https://fakeinfo.org/chocolate-cura-diabetes	Saúde Atual	16/09/2025	Falsa. A notícia afirma que comer chocolate cura diabetes, mas não há evidências científicas que suportem isso. Pergunte-se: como uma única sobremesa poderia substituir tratamento médico? Analise sempre estudos revisados por especialistas.	Um novo artigo afirma que o consumo diário de chocolate amargo pode curar diabetes tipo 2. Segundo relatos, pacientes que consumiram pequenas porções de chocolate apresentaram melhora significativa nos níveis de glicose. Nutricionistas do site recomendam a ingestão diária como método alternativo ao tratamento tradicional, alegando resultados rápidos e duradouros.	Chocolate amargo pode curar diabetes tipo 2, afirma estudo	FARSA	SAÚDE	Não informado