ID	URL	Fonte	Data	Motivo	Resumo	Título	Binário	Assunto	Autor
1	https://www.aosfatos.org/noticias/falso-lula-recusou-vacina-japonesa-contra-dengue/	Brasil Verdade	03/01/2024	Notícia falsa. A informação não foi publicada por nenhum órgão oficial, portal confiável ou agência de notícias conhecida. A linguagem apelativa e o tom emocional (#LulaGenocida) são opostos à postura neutra de fontes sérias. A falta de dados específicos e a acusação grave sem prova são fortes indícios de desinformação.	Presidente descartou a vacina japonesa contra a dengue para esperar a vacina nacional do Butantan, que só estará disponível em 2025. Detalhe: O Brasil está registrando números alarmantes de mortes por dengue. Já pode chamar o Lula de #Genocida?	Lula recusou vacina japonesa contra a dengue para esperar imunizante nacional.	FARSA	SAÚDE	Vinicius Torres
2	https://www.aosfatos.org/noticias/falso-app-celular-seguro-permite-governo-acessar-conteudo/	Jornal Livre do Povo	26/12/2023	Notícia falsa. A informação não foi divulgada por nenhuma fonte oficial do governo, como o Ministério da Justiça, e possui tom alarmista típico de desinformação. O aplicativo Celular Seguro tem função restrita a bloqueio de dispositivos roubados, conforme descrito em canais oficiais, sem acesso a mensagens ou conteúdo privado. A linguagem exagerada e a falta de links oficiais confirmam a intenção de enganar. Sempre consulte fontes diretas para verificar fatos.	ATENÇÃO MELHOR PERDER UM CELULAR DO QUE A SUA LIBERDADE. O aplicativo que o Governo Federal, mais precisamente o Ministério da Justiça, lançou no dia de ontem é, na verdade, uma armadilha para todos nós brasileiros de bem. O aplicativo passa a controlar todo o seu celular, inclusive todas as mensagens trocadas em redes sociais que você utiliza.	app Celular Seguro permite ao governo acessar conteúdo de aparelho	FARSA	SEGURANÇA	Não informado
3	https://noticias.uol.com.br/confere/ultimas-noticias/2023/12/15/e-falso-que-ministros-do-stf-recebem-mais-de-r-90-mil-de-vale-alimentacao.htm	Repórter Independente	15/12/2023	Notícia falsa. O valor de R$ 90 mil para vale-alimentação é exorbitante e não corresponde a nenhum dado oficial do STF. Os gastos do Judiciário são publicamente divulgados em portais de transparência, e auxílios ministeriais seguem padrões legais (ex.: auxílio-moradia de R$ 5.297, valor unificado para todos os ministros). A fonte "Repórter Independente" não existe e a linguagem dramática e imprecisa ("sujeito", "regalias") confirma a intenção de manipular. Consulte sempre fontes oficiais.	Esse sujeito tem um vale alimentação de 90 mil reais por mês. 11 mil reais de auxílio aluguel e direito a 220 funcionários ao seu dispor. Os 11 ministros do STF custam 700 milhões ao bolso dos brasileiros só com regalias.	Luís Roberto Barroso (presidente do STF) receba mais de R$ 90 mil de vale alimentação do STF	FARSA	POLÍTICA	Roberto Prado
4	https://www.aosfatos.org/noticias/falsa-foto-lula-dez-dedos-morreu-foi-substituido/	Jornal Livre do Povo	31/12/2024	Notícia falsa. A alegação é cientificamente incoerente e não possui qualquer embasamento em fontes confiáveis (médicas ou oficiais). Imagens públicas do presidente mostram mesma característica física, e a narrativa ignora evidências básicas de anatomia. A linguagem especulativa e sensacionalista confirma ser desinformação. Consulte veículos sérios para verificar fatos.	Circula nas redes uma imagem do presidente Lula onde ele aparece com cinco dedos em cada mão, levando alguns a especularem sobre uma possível substituição. A alegação sugere que fotos recentes mostrariam uma suposta anomalia anatômica.	Especialistas explicam fenômeno de regeneração humana após imagem de Lula gerar dúvidas.	FARSA	POLÍTICA	Tatiane Alves
5	https://www.boatos.org/religiao/projeto-de-lei-4257-2018-proibe-pregacoes-ou-que-se-fale-em-nome-de-deus.html	Fato Real	14/07/2022	Notícia Falsa. A linguagem alarmista ("INADIMISSÍVEL!") e a ausência de fontes oficiais são típicas de desinformação. O texto completo está disponível para consulta pública no site oficial da Câmara dos Deputados, onde qualquer pessoa pode verificar sua real finalidade. O Projeto de Lei 4257/2018 regula apenas o comércio em vias públicas (como ambulantes) e não faz qualquer menção a pregações religiosas ou proibições de falar o nome de Deus.	ATENÇÃO: Projeto de Lei 4257/2018 pode criminalizar pregações religiosas. O texto proposto por um deputado estadual pretende proibir a menção ao nome de Deus e a propagação do evangelho em espaços públicos. Isto é INADIMISSÍVEL!	Projeto de Lei 4257/2018 proíbe pregações ou que se fale em nome de Deus	FARSA	RELIGIÃO	Leandro Costa
6	https://www.boatos.org/saude/5-fake-news-sobre-a-vacina-que-previne-o-hpv.html	Diário brasileiro	28/10/2023	Apesar de citar o portal "Diário Brasileiro", verifique que ele é um portal falso, ou seja uma fonte não conhecida deve sempre levantar suspeita. A notícia, portanto, apresenta sinais típicos de fake news: não menciona nenhum Órgão Oficial de saúde, usa termos vagos sem Informações Específicas (como dados, estudos ou porcentagens) e adota uma linguagem alarmista, com afirmações absolutas como “não há qualquer evidência”. Esses elementos indicam falta de confiabilidade e ajudam a identificar que a informação pode ser falsa.	Até o momento, a eficácia das vacinas contra o HPV na prevenção do câncer do colo de útero, não foi demonstrada, enquanto os riscos de vacinas ainda não foram completamente avaliados. Atuais práticas de imunização do HPV no mundo todo, com qualquer uma das duas vacinas contra o HPV parece ser nem justificadas por benefícios a saúde a longo prazo, nem economicamente viavel, e nem há qualquer evidência de que a vacina contra o HPV.	Vacina contra HPV não é eficaz e não serve para evitar o câncer de colo do útero.	FARSA	SAÚDE	Júnia Andrade
7	Minus	Observador Nacional	20/08/2025	Existe uma regra institucional e de política monetária que impede isso. Geralmente, o Banco Central do Brasil opta por figuras históricas, animais da fauna brasileira ou símbolos nacionais. Há também o fato de que não houve nenhum anúncio oficial – Notícias verdadeiras desse tipo são divulgadas pelo Banco Central do Brasil em seus canais oficiais e repercutidas na imprensa. Se fosse real, estaria em todos os jornais. Juntamente com o fato de que a nota de R$200 já existe (foi lançada em 2020), e o personagem estampado nela é o lobo-guará.	A mudança busca incluir grandes nomes como representantes, com destaque para nossa nova nota de 200 Reais que será representada por, ninguém mais, ninguém menos que o Rei ROBERTO CARLOS, também icluindo nomes como Pabllo Vittar	Banco Central do Brasil anuncia o novo visual das Cedulas Monetarias brasileiras	FARSA	ECONOMIA	Não informado
8	https://lupa.uol.com.br/jornalismo/2021/06/17/verificamos-mascaras-cerebro-oxigenio-doencas-neurodegenerativas/	Verdade Oculta	17/06/2021	Apesar de citar supostos argumentos médicos, verifique que não há referência a nenhum órgão oficial de saúde, o que deve sempre levantar suspeita. A notícia, portanto, apresenta sinais típicos de fake news: não utiliza fontes confiáveis, distorce informações científicas sobre o uso de máscaras, não traz dados ou estudos verificáveis como Informação Específica e adota uma Linguagem Alarmista, com frases absolutas como “vai ser muito tarde” e “o que foi perdido foi perdido”. Esses elementos indicam falta de confiabilidade e ajudam a identificar que a informação pode ser falsa.	“(…) quando a gente respira o ar que a gente exala, a gente necessariamente está criando uma deficiência de oxigênio no organismo e uma enxurrada de gás carbônico. Médica lembra que o cérebro é muito sensível à privação de oxigênio e as células nervosas, que são aquelas associadas à memória, às respostas emocionais e processamento espacial, não sobrevivem mais do que três minutos sem oxigênio. A cada três minutos com privação de oxigênio no cérebro, uma célula nervosa morre. Só que as células nervosas, elas não fazem as divisões celulares, ou seja, não se reproduzem mais, não se regeneram. Ou seja, quando o governo se permitir ser bonzinho e permitir que a gente volte a respirar, vai ser muito tarde. As células que morreram porque você está usando máscara achando que estava salvando vidas não serão regeneradas, o que foi perdido foi perdido (…)”	Máscaras privam o cérebro de oxigênio e causam doenças neurodegenerativas.	FARSA	SAÚDE	Não informado
9	https://www.boatos.org/entretenimento/faustao-morreu-em-agosto-de-2025.html	O Investigador	18/08/2025	Notícia falsa. Apesar de citar o portal “O Investigador”, não há qualquer divulgação em Fontes Confiáveis ou órgãos oficiais de comunicação, como emissoras de TV reconhecidas ou assessoria do apresentador. A manchete exagerada e alarmista, com expressões como “nosso eterno Faustão” e “não resistindo”, distorce o fato e induz pânico. Não existem Informações Específicas verificáveis, como datas ou comunicados oficiais, e a linguagem usada evidencia intenção de enganar. Sempre consulte fontes diretas e reconhecidas para confirmar notícias sobre personalidades públicas.	Apresentador Fausto Silva, conhecido nacionalmente como Faustão, morre em agosto de 2025!	“DOMINGO DE DESPEDIDA” FAUSTO SILVA NOSSO ETERNO FAUSTÃO ACABA DE NÃO RESISTINDO APÓS FALECER!!!	FARSA	CULTURA	Marcelo Dantas
10	https://cnn.noticia.pro/25902/comeca-alistamento-para-a-guerra-com-os-eua	Verdade Oculta	20/08/2025	Apesar de mencionar uma suposta fala do presidente americano, a notícia apresenta sinais claros de fake news. A tradução da frase “It will not be a world war, but it will be an economic war” para “Junte-se a nós pelo bem comum” está incorreta e distorce totalmente o sentido original. A fonte citada, “Verdade Oculta”, não é confiável, e não há menção a órgãos oficiais que confirmem os fatos. Faltam informações específicas e verificáveis, como dados ou documentos oficiais. A linguagem alarmista e apelativa reforça que a notícia não é confiável.	Na eminência da guerra com os EUA, a preferência para alistamento é de jovens de até 30 anos que trabalham em Home Office, podendo alistar-se jovens de todos os países que tem como ideal comum o patriotismo e o amor pela América. O Presidente americano afirma: “It will not be a world war, but it will be an economic war”, ou seja, "Junte-se a nós pelo bem comum". Existe um lado certo e esse é o lado da América, apoiemos o nosso continente!	Começa alistamento para guerra com EUA 	FARSA	POLÍTICA	Paula Ribeiro
11	https://www.boatos.org/religiao/papa-leao-xiv-revelou-profecia-secreta-do-padre-pio-sobre-o-brasil.html	Verdade Oculta	19/08/2025	Notícia falsa. O texto usa linguagem alarmista e exagerada, com termos como “URGENTE”, “em lágrimas” e “exposta ao mundo inteiro”, buscando gerar pânico. Não apresenta Informações Específicas verificáveis, como datas, documentos ou pronunciamentos oficiais, nem há registros em Fontes Confiáveis ou órgãos da Igreja Católica que confirmem a profecia. A menção ao Líder máximo da religão Católica, Papa Leão XIV, e a Padre Pio é infundada. Esses elementos evidenciam intenção de enganar. Sempre verifique fatos em canais institucionais ou veículos reconhecidos.	URGENTE: Papa Leão XIV Revela Profecia SECRETA de Padre Pio Sobre o BRASIL e o Destino da Igreja O Papa Leão XIV, em lágrimas, revelou uma profecia secreta de Padre Pio sobre o destino do Brasil. Uma mensagem guardada por décadas, agora exposta ao mundo inteiro, que fala de fé, dor, esperança e do futuro espiritual da nossa nação.	O Papa Leão XIV revelou uma profecia secreta do Padre Pio sobre o Brasil.	FARSA	RELIGIÃO	Felipe Nogueira
12	https://www.facebook.com/fakenaobrasil/posts/heineken-causa-impotência-em-homem-que-bebeu-em-excesso-boatovia-boatosorgboatos/499147117373884/	Repórter do Povo	03/01/2020	Notícia falsa. Apesar de citar uma fonte, o portal “Repórter do Povo” não existe de fato, desconfie de portais que você não conheça. A alegação sobre uma substância presente na Heineken que causa impotência é exagerada e não possui Informações verificáveis, como estudos científicos ou registros médicos. Não há menção a Órgãos Oficiais de saúde que confirmem o caso. A linguagem alarmista e sensacionalista, reforçando o caráter enganoso. Esses elementos indicam que a notícia não é confiável.	Foi detectada uma substância, que acelera o processo de perda de apetitite sexual nos homens, levando a impotência iminente. Baiano é o primeiro caso registrado no país. Empresa promete apoio ao consumidor.	Um homem da Bahia ficou impotente após beber altas doses de Heineken.	FARSA	SAÚDE	Sérgio Campos
13	https://www.aosfatos.org/noticias/falso-2000-corpos-mathias-velho-canoas/	Repórter do Povo	11/05/2005	Notícia falsa. A alegação de que 2.000 pessoas foram encontradas congeladas em Canoas é extremamente improvável e não condiz com a realidade. Eventos de grande magnitude, como o acidente aéreo com a equipe da Chapecoense, que resultou em 71 mortes, e o rompimento da barragem em Brumadinho, que causou 272 mortes, tiveram ampla cobertura da mídia e mobilização das autoridades brasileiras. Pergunte-se: Por que uma tragédia de tal magnitude não foi reportada por fontes confiáveis? Que órgãos oficiais confirmam o ocorrido?	Bombeiros e voluntários realizaram buscas intensas em um bairro de Canoas, onde foram encontrados aproximadamente 2.000 corpos. As vítimas estariam congeladas, e autoridades locais não forneceram informações oficiais sobre o ocorrido. A mídia tradicional tem evitado divulgar detalhes sobre a tragédia, gerando especulações nas redes sociais sobre as causas e a extensão do desastre. Especialistas não identificados sugerem que fenômenos climáticos extremos podem ter contribuído para a situação. A população local está em choque, aguardando esclarecimentos das autoridades competentes.	Bombeiros e voluntários encontraram 2.000 corpos em bairro de Canoas	FARSA	SAÚDE	Não informado
14	https://www.cnnbrasil.com.br/entretenimento/alcione-desmente-boatos-de-internacao-e-fala-sobre-seu-estado-de-saude/	Mídia Sem Fronteiras	05/08/2025	A notícia sobre a cantora Alcione ser internada em estado grave após um cateterismo carece totalmente de fontes oficiais ou confiáveis. Notícias verdadeiras sobre a saúde de personalidades de grande magnitude, como ela, são imediatamente confirmadas por sua assessoria de imprensa, familiares, ou pelo hospital envolvido, gerando cobertura imediata nos principais veículos de comunicação. Eventos de saúde reais e graves envolvendo artistas de renome nacional, são amplamente reportados e confirmados por fontes identificáveis. Pergunte-se: Você conhece o portal "Mídia Sem fronteiras"? Qual é o nome do hospital onde ela estaria internada? Por que não há nenhuma declaração?	A cantora ALCIONE FOI INTERNADA EM ESTADO GRAVE nesta terça-feira após um suposto cateterismo para tratar uma ANGINA. Fontes anônimas afirmam que ela estaria em RISCO, a família não se pronunciou oficialmente. A notícia se espalha rapidamente em redes sociais e grupos de fãs, sem links para hospitais ou representantes da artista. Especialistas não identificados dizem que podem ocorrer COMPLICAÇÕES GRAVES.	A cantora Alcione foi internada nesta terça-feira	FARSA	CULTURA	Sérgio Campos
15	https://www.boatos.org/saude/a-china-pinta-macas-verdes-para-vender-como-vermelhas.html	Consciência Nacional	10/08/2025	A alegação de que maçãs são coloridas artificialmente com corantes para melhorar sua aparência carece de fontes confiáveis e não é consistente com as práticas regulamentadas da indústria alimentícia. O processo descrito ele ocorre de modo e com propósito distinto do citado, é feito para realçar o brilho natural e conservar a fruta, não para colorir artificialmente. Pense: Por que órgãos como a ANVISA e o MAPA (Ministério da Agricultura) fiscalizam o uso de aditivos em alimentos, não foram citados? Qual veículo especializado em agronomia ou segurança alimentar (Embrapa, ANVISA) confirma essa prática? A notícia e o portal que a divulga é Falso!	Por trás do visual vermelho e brilhante existe um processo pouco comentado: assim que amadurecem, as maçãs são enviadas para centros de processamento onde recebem corantes artificiais e tratamentos estéticos para ficarem mais atraentes nas prateleiras.	Você sabia que muitas maçãs “perfeitas” que encontramos no mercado estão longe de serem naturais? 	FARSA	SOCIEDADE	Não informado
16	https://www.boatos.org/saude/japao-inaugurou-hospital-totalmente-operado-por-ia-e-robos.html	Grande Surto	09/08/2025	Esta alegação é falsa. Não há registros em veículos de credibilidade. A IA atua como ferramenta de apoio e é verdade que teve grandes evoluções nas mais diversas áreas e de forma muito rápida. Porém, em muitos caso específicos ainda não substitui de fato profissionais, até porque responsabilidade legal por erro médico recairia sobre hospitais, fabricantes ou médicos resposávies, nunca sobre algoritmos. Por isso faça-se perguntas como: Se robôs fizessem cirurgias sozinhos, quem seria responsabilizado em casos de deslizes? O quão avançado está a discussão legal sobre casos de erros robóticos em Tóquio ou no Brasil? Por que nenhuma associação médica global, como a OMS foi citada?	O hospital, em Tóquio, promete diagnósticos automáticos, cirurgias robóticas e monitoramento completo de pacientes por inteligência artificial. Relatos  afirmam que médicos humanos estariam apenas supervisionando remotamente. O modelo poderia substituir grande parte da força de trabalho hospitalar nos próximos 10 anos. O que será da Medicina? Se uma pessoa morrer na mão de um robô, quem será o RESPONSABILIZADO? #FIMdosMedicos #IAdominaoMUNDO	Japão inaugura o primeiro hospital totalmente operado com IA e robôs.	FARSA	SAÚDE	Denise Peixoto
17	https://www.boatos.org/entretenimento/roberto-carlos-foi-batizado-na-igreja-adventista-do-setimo-dia.html	Hora Formosa	07/08/2025	Notícia falsa. Não há nenhum registro confiável ou comunicado oficial do artista, que ao menos foi citado durante o trecho da notícia apresentado. Notícias desse porte, envolvendo uma figura de tamanha magnitude cultural, são grandes alvos de notícias falsas, mediante sua repercusão. Pense: Qual é a motivação por trás da criação desse tipo de conteúdo? Existe algum registro oficial em redes sociais do Artista? 	O que teria motivado essa mudança radical? Estaria o cantor se preparando para algo maior, talvez até mesmo o fim de sua carreira, ou haveria algo ainda mais profundo por trás dessa conversão?	Roberto Carlos teria se batizado na Igreja Adventista do Sétimo Dia, surpreendendo os fãs e provocando impacto na mídia e na sua carreira.	FARSA	CULTURA	André Soares
18	https://www.boatos.org/ciencia/estatua-de-astronauta-de-3-000-anos-foi-achada-na-capadocia.html	O Nacionalista	06/08/2025	Notícia falsa. Apesar de citar o Ministério da Cultura da Turquia, não há nenhum comunicado oficial confirmando a descoberta da estátua. As alegações sobre inscrições enigmáticas e acesso restrito a poucos pesquisadores são sensacionalistas e não verificáveis. O texto utiliza linguagem alarmista e especulativa, sugerindo mudanças drásticas na história sem evidências. Não há estudos publicados ou revisados que corroborem essas informações. Esses elementos indicam que a notícia carece de confiabilidade e deve-se ter uma grande desconfiança dos leitores para sua veracida.	Arqueólogos afirmam ter encontrado uma estátua de 3.000 anos na região da Capadócia, cuja origem permanece desconhecida. Especialistas dizem que inscrições enigmáticas cobrem a superfície da peça, mas até o momento ninguém conseguiu decifrá-las. Fontes afirmam que a descoberta foi registrada em sigilo pelo Ministério da Cultura da Turquia, mas apenas alguns pesquisadores selecionados tiveram acesso à peça. Será que essa descoberta mudará completamente a compreensão da história antiga? 	Estátua de 3.000 anos encontrada na Capadócia, Turquia.	FARSA	CULTURA	Camila Ventura
19	https://www.boatos.org/politica/tornozeleira-de-bolsonaro-esta-envenenada.html	Idependência	23/07/2025	A notícia é falsa. Não há qualquer evidência ou investigação verídica que apoie a acusação de que o atentado contra o ex-presidente Jair Bolsonaro foi planejado por ele mesmo ou por Gilberto Kassab. O evento foi amplamente documentado, investigado pela Polícia Federal e pela Justiça Eleitoral, e o autor do crime foi identificado, julgado e condenado. Se houvesse indícios reais, por que a Polícia Federal, o Ministério Público e a Justiça não investigaram essa suposta conspiração? Considere também que nenhum desses órgãos foram citados. A polarização política tem sido um intesificador da geração de notícias falsa, atente-se sempre que se deparar com notícias políticas com teor polêmico e confirme com mais de uma fonte confiável.	Dizem que o presidente Bolsonaro e o Kassab juntos fizeram a lojistica da facada no Bolsonaro. Alguns relatos nas redes sociais afirmam que planejaram cada detalhe, desde o local até a movimentação de seguranças. A noticia se espalhou rapido, com comentários e especulaçoes sobre motivação e envolvidos, gerando grande repercussão online.	VINGANÇA Há possibilidade da ideia da tornozeleira, ser o envenenamento.	FARSA	POLÍTICA	Rafael Lima
20	https://www.boatos.org/brasil/rosa-na-macaneta-do-carro-e-tatica-de-bandidos-para-assaltar-com-po-de-zumbi.html	C10 News	16/07/2025	A notícia é uma farsa! Não há registros oficiais em delegacias, boletins de ocorrência ou alertas de autoridades de segurança pública (como a Polícia Civil ou Federal) que confirmem a existência desse método criminoso. Boatos semelhantes circulam há anos em diferentes países e sempre são desmentidos. Atente-se para: Qual caso real foi registrado pela polícia que evidencia esse golpe? Como a escopolamina (uma substância) seria aplicada de forma prática em uma rosa na maçaneta?	Pode ser um sinal de perigo relacionado a sequestros ou roubos. Não toque nela e chame a polícia imediatamente. Sua segurança é o mais importante.	Atenção! Se você encontrar uma rosa na porta do seu carro, tenha muito cuidado!	FARSA	SEGURANÇA	Thiago Rocha
21	https://www.boatos.org/entretenimento/leo-dias-revelou-que-eliza-samudio-reapareceu-e-esta-viva.html	Portal Novo	11/07/2025	Notícia falsa. O Portal Novo não é uma fonte jornalística credenciada ou confiável, e a alegação nunca foi confirmada por instituições oficiais como a Polícia Federal, o Ministério Público ou veículos de imprensa consolidados. O caso Eliza Samudio está juridicamente encerrado há anos, com os responsáveis condenados e presos, e não há qualquer nova evidência que sustente essa reviravolta fictícia. A linguagem sensacionalista ("Brasil em choque", "corpo foi encontrado") e a ausência de fontes verificáveis expõem a intenção de manipular emocionalmente o público e gerar engajamento com base em desinformação.	Durante anos, o desaparecimento de Elisa Samudio foi tratado como um dos casos mais macabros e misteriosos da história criminal do Brasil. Sumida desde 2010, dada como morta, conversões sombrias e contraditórias sobre seu destino, a ex -modelo tornou -se símbolo de uma tragédia sem desfecho. Mas nesta semana, tudo mudou. Segundo o colonista Leo Dias, a história teve uma reviravolta que deixou até mesmo a polícia federal sem palavras.	ELIZA SAMUDIO APARECEU DO NADA — BRASIL ESTÁ EM CHOQUE! CORPO FOI ENCONTRADO?	FARSA	CULTURA	Renata Barros
22	https://www.boatos.org/religiao/oracao-de-santo-antonio-prometida-em-live-traz-milagres-em-7-dias.html	Brasil Brasileiro	06/07/2025	A notícia é falsa. Esta mensagem é um típico golpe de engajamento que distorce elementos religiosos para manipular fiéis. Não há qualquer registro histórico, eclesiástico ou teológico que confirme a existência de uma "oração escondida de Santo Antônio" ou uma "Quaresma do Padre Pio" com promessas milagrosas em 7 dias. Nenhuma fonte oficial da Igreja Católica (como o Vaticano, dioceses ou sites canônicos). O conteúdo promete milagres, enquadrando-se como uma linguagem apelativa umas das principais ferramentas da desinformação. 	Acaba-se de comprovar a existência de uma Oração de Santo Antônio que ficou escondida com as Elites Gananciosas pelos últimos 800 anos… Assista agora e receba essa bênção enquanto ainda está no ar Aproveite, porque a Live não ficará gravada e não haverá replay!	Quaresma do Padre Pio: Esta Oração Sagrada de Santo Antônio traz milagres em menos de 7 dias!	FARSA	RELIGIÃO	Não informado
23	https://veja.abril.com.br/coluna/veja-gente/ana-maria-braga-fala-sobre-rumores-do-fim-do-mais-voce/	Portal BT 	20/01/2025	Alegação falsa. Não há qualquer evidência ao decorrer da descrição da notícia sobre um comunicado oficial da TV Globo ou de sua assessoria de imprensa confirmando o fim do programa "Mais Você". Notícias, envolvendo mudanças de uma das maiores emissoras do país, seriam divulgadas por veículos jornalísticos de credibilidade e confirmadas por fontes diretas. Atente-se que "Portal BT"	 Circula nas redes que a Globo pretende acabar com o programa de Ana Maria Braga. Segundo rumores, a decisão estaria relacionada a mudanças na grade de programação e a tentativa de RENOVAR o conteúdo matinal. #AcabouMaisVOCÊ 	FIM do 'Mais Você'	FARSA	CULTURA	Não informado
24	https://www.boatos.org/saude/cafe-melitta-foi-suspenso-pela-anvisa-por-ser-falso.html	Parceiros do Povo	25/06/2025	Esta notícia é falsa e apresenta indícios claros de desinformação: ausência de qualquer comunicado oficial da Anvisa, uso de linguagem alarmista ("toxinas perigosas"), referência a fontes não identificadas ("especialistas anônimos") e o silêncio de veículos jornalísticos de credibilidade sobre o caso (perceba que a fonte é desconhecida "Parceiros do Povo"), expressões como "teria emitido um comunicado urgente..." deve alertar para: Será que realmente existe esse comunicado?	A Agência Nacional de Vigilância Sanitária (Anvisa) teria emitido um comunicado urgente nesta quarta-feira (15) determinando a suspensão imediata do café Melitta em todo o território nacional. Segundo especialistas não identificados, amostras do produto apresentaram toxinas acima do limite permitido e indícios de falsificação em lotes distribuídos em supermercados. A empresa ainda não se pronunciou oficialmente, mas fontes anônimas sugerem que a contaminação estaria ligada a falhas no processamento dos grãos.	O café Melitta foi suspenso pela Anvisa por conter toxinas e ser falsificado.	FARSA	CULTURA	Camila Ventura
25	https://www.boatos.org/brasil/ronco-de-morador-fez-predio-ser-interditado-pela-defesa-civil-em-vitoria.html	Federalista Institucional	16/06/2025	Notícia falsa. A alegação é incompatível com leis físicas básicas, roncos humanos não emitem energia suficiente para danificar estruturas e não há qualquer registro oficial da Defesa Civil de Vitória que tenha sido de fato mostrado no trecho disponível, ou até mesmo a mídia local confirmando o caso. A linguagem sensacionalista ("!!!", "potente e constante") e a falta de fontes identificáveis (laudos, comunicados) expõem o teor fantasioso do boato. Pergunte-se: como vibrações sonoras poderiam trincar concreto? Por que não foi um veículo sério que noticiou?	Defesa Civil interdita prédio após ronco de morador abalar estrutura em Vitória. Um prédio foi condenado pela defesa civil por um motivo inusitado... o ronco de um morador! Segundo a Defesa Civil o ronco do morador foi o suficiente para comprometer a estrutura ao longo dos últimos anos, potente e constante provocou microfissuras em toda a estrutura do edifício!!!	Defesa Civil interditou prédio por causa de ronco de morador	FARSA	SOCIEDADE	Renata Barros
26	https://g1.globo.com/mg/vales-mg/noticia/2025/09/03/horas-antes-de-morrer-na-ucrania-brasileiro-envia-audios-a-esposa-daqui-a-uns-dias-estarei-de-volta.ghtml	Portal G1	01/09/2025	Notícia verdadeira. A informação foi divulgada pelo portal G1, fonte confiável, e contém dados específicos e verificáveis: nome completo da vítima (Bruno de Paula Carvalho Fernandes), idade (29 anos), cidade de origem (Governador Valadares), data do ocorrido (01/09/2025) e contexto detalhado da situação. A linguagem é objetiva e alinhada a reportagens anteriores sobre o tema.	Horas antes de morrer em uma emboscada na linha de frente da guerra da Ucrânia, o brasileiro Bruno de Paula Carvalho Fernandes, de 29 anos, enviou uma mensagem de voz à esposa dizendo estar em paz e confiante de que voltaria para casa. Bruno, morador de Governador Valadares, foi morto em uma emboscada na manhã dessa segunda-feira (01/09/2025), na Ucrânia, onde atuava como soldado voluntário desde o fim de maio.	Horas antes de morrer na Ucrânia, brasileiro envia áudios à esposa: 'Daqui a uns dias estarei de volta'	FATO	SOCIEDADE	Caroline Del Piero
27	https://www.cnnbrasil.com.br/viagemegastronomia/viagem/museu-van-gogh-pode-ser-fechado-em-amsterda-entenda/#goog_rewarded	CNN Brasil	02/09/2025	Notícia verdadeira. A informação foi divulgada pela CNN Brasil, fonte jornalística reconhecida, e cita um comunicado oficial do Museu Van Gogh sobre o risco de fechamento devido à falta de recursos do governo holandês. Dados específicos (inauguração em 1973, 57 milhões de visitantes) e a linguagem factual corroboram a credibilidade da reportagem.	O Museu Van Gogh, um dos atrativos culturais mais visitados da Holanda, pode fechar as portas no futuro breve. Em comunicado, o museu afirmou que o governo holandês não tem se comprometido a fornecer recursos financeiros para renovações. Inaugurado em 1973 em Amsterdã, o local reúne a maior coleção de obras de Vincent Van Gogh no mundo e já atraiu mais de 57 milhões de visitantes ao longo de sua trajetória.	Museu Van Gogh pode ser fechado em Amsterdã; entenda	FATO	CULTURA	Não informado
28	https://g1.globo.com/educacao/noticia/2025/09/03/carteira-nacional-do-professor-dara-desconto-em-shows-cinemas-e-hoteis-saiba-como-solicitar.ghtml	Portal G1	03/09/2025	Notícia verdadeira. O G1, meio de comunicação com credibilidade, reporta a declaração do ministro da Educação, Camilo Santana, sobre a criação da Carteira Nacional do Professor. A matéria apresenta detalhes concretos: benefícios (descontos em eventos culturais e 15% em hotéis), público-alvo (docentes de redes pública e privada) e prazo (outubro de 2024). A menção direta a uma autoridade governamental e a natureza específica das informações reforçam a legitimidade do fato.	A partir de outubro, mês em que é comemorado o Dia do Professor, os docentes brasileiros das redes pública e privada poderão solicitar a Carteira Nacional de Docente no Brasil (CNDB), afirmou o ministro da Educação, Camilo Santana. A partir desse documento, eles terão descontos em eventos culturais, como teatros, shows e cinemas, além de abatimentos de 15% no valor da diária dos hotéis associados.	Carteira Nacional do Professor dará desconto em shows, cinemas e hotéis; saiba como solicitar documento	FATO	EDUCAÇÃO	Não informado
29	https://g1.globo.com/meio-ambiente/noticia/2025/09/03/o-maior-iceberg-do-mundo-esta-se-desintegrando-na-costa-da-antartida.ghtml	Portal G1	03/09/2025	Notícia verdadeira. O G1, como fonte jornalística de ampla credibilidade, apresenta a informação com linguagem técnica e precisa, alinhada ao rigor científico exigido em reportagens sobre fenômenos ambientais. A menção a dados mensuráveis (como dimensões, peso e comparações geográficas) e a contextualização com base em monitoramento especializado reforçam a confiabilidade da matéria, sem recorrer a sensacionalismo.	Um iceberg gigante que se desprendeu da Antártida há 39 anos, na época o maior do mundo, está derretendo em águas que se tornaram mais quentes, segundo os cientistas. No início do ano, o bloco de gelo batizado como A23a pesava cerca de 1 bilhão de toneladas e cobria quase 4.000 km², ou seja, 50% a mais que a superfície de Luxemburgo.	O maior iceberg do mundo está se desintegrando na costa da Antártida	FATO	MEIO AMBIENTE	France Presse (Portal de notícia Francesa)
30	https://www.cnnbrasil.com.br/auto/autoescolas-criticam-uberizacao-da-cnh-e-apontam-risco-de-fraudes/	CNN Brasil	03/09/2025	Notícia verdadeira. A CNN Brasil, fonte jornalística de reconhecida credibilidade, apresenta a informação com linguagem técnica e precisa, utilizando dados concretos e contextualização científica, sem apelo sensacionalista. A abordagem factual, alinhada a instituições de pesquisa e monitoramento ambiental, confere total confiabilidade ao conteúdo.	O sistema apelidado de “uberização” da CNH é visto pelo governo como uma forma de democratizar o acesso. Por outro lado, as autoescolas representadas alertam para riscos de fraudes, queda na qualidade do ensino e impactos diretos na segurança viária. Segundo Ygor Valença, presidente da  Feneauto (Federação Nacional das Autoescolas), a categoria não é contrária à ampliação do acesso à CNH, mas ressalta "que isso não pode ocorrer em detrimento da qualidade".	Autoescolas criticam "uberização" da CNH e apontam risco de fraudes	FATO	SOCIEDADE	Thiago Ventura
31	https://www.gov.br/pt-br/noticias/meio-ambiente-e-clima/2023/08/desmatamento-na-amazonia-tem-queda-historica-de-66-em-julho	Governo do Brasil	09/08/2023	Os dados foram divulgados pelo INPE (Instituto Nacional de Pesquisas Espaciais), órgão oficial do governo responsável pelo monitoramento por satélite, uma fonte altamente confiável. A notícia apresenta dados específicos e mensuráveis (66% em julho de 2023) e faz referência ao sistema Deter, utilizando linguagem técnica e precisa, o que confirma sua origem em um relatório oficial e não em uma fonte genérica.	O desmatamento na Amazônia teve redução de 66% em julho, mês de seca considerado mais favorável a incêndios florestais. Um recorde histórico, jamais registrado no Sistema de Detecção de Desmatamento em Tempo Real (Deter)... As informações foram apresentadas nesta quinta-feira, 03/08/2023, pelo Instituto Nacional de Pesquisas Espaciais (INPE), durante entrevista coletiva em Brasília.	Desmatamento na Amazônia tem queda histórica de 66% em julho.	FATO	SOCIEDADE	Não informado
32	https://noticias.stf.jus.br/postsnoticias/stf-mantem-lei-sobre-acesso-de-pessoas-vulneraveis-ao-sus-ate-adequacao-pelo-congresso/	STF - Supremo Tribunal Federal	29/08/2025	A notícia é verdadeira e de fonte primária. A informação foi divulgada diretamente pelo STF, atuando como órgão oficial e fonte máxima para decisões do Judiciário. A redação emprega linguagem jurídica precisa e cita detalhes específicos (como a manutenção temporária da lei e a exigência de adequação pelo Congresso), confirmando sua origem institucional e confiabilidade.	O Supremo Tribunal Federal (STF) manteve temporariamente a vigência de dispositivo da lei que garante o acesso de pessoas em situação de vulnerabilidade social à assistência integral à saúde, sem necessidade de apresentação de comprovante de domicílio ou inscrição no Sistema Único de Saúde (SUS), até que o Congresso Nacional faça a adequação legislativa necessária na norma. 	STF mantém lei sobre acesso de pessoas vulneráveis ao SUS até adequação pelo Congresso	FATO	SAÚDE	Não informado
33	https://noticias.stf.jus.br/postsnoticias/decisao-que-permite-acesso-de-pessoas-casadas-a-cursos-das-forcas-armadas-e-destaque-no-supremo-na-semana/	STF - Supremo Tribunal Federal	30/08/2025	A informação é verídica. A fonte é extremamente confiável: trata-se do podcast oficial do Supremo Tribunal Federal (STF), um órgão máximo do Judiciário. A notícia cita dados específicos (Episódio #161, Lei 6.880/1980) com linguagem técnica e precisa, confirmando que se trata de uma divulgação institucional e não de uma farsa.	O Supremo na Semana (Episódio #161 Podcast 'Supremo na Semana') destaca a decisão que invalidou a regra do Estatuto dos Militares (Lei 6.880/1980) que proibia pessoas casadas, em união estável e com filhos de ingressarem em cursos de formação ou graduação de oficiais e praças.	Decisão que permite acesso de pessoas casadas a cursos das Forças Armadas é destaque no Supremo na Semana	FATO	POLÍTICA	Não informado
34	https://agenciagov.ebc.com.br/noticias/202509/producoes-de-petroleo-e-de-gas-natural-alcancam-recorde-historico-em-julho	Governo do Brasil (gov.br)	01/09/2025	A notícia é um fato! A informação foi publicada diretamente no portal gov.br, que é a fonte oficial do governo federal, garantindo total confiabilidade. Os dados específicos (5,160 milhões de boe/d em julho de 2025) e a linguagem técnica utilizada são consistentes com comunicados oficiais, assegurando precisão e credibilidade à informação.	A ANP divulgou hoje (1/9) o Boletim Mensal da Produção de Petróleo e Gás Naturalde julho de 2025, que traz os dados consolidados da produção nacional. O mês registrou recorde histórico na produção total de petróleo e de gás, atingindo 5,160 milhões de barris de óleo equivalente por dia (boe/d) e superando, pela primeira vez, a marca dos 5 milhões de boe/d.	Produções de petróleo e de gás natural alcançam recorde histórico em julho	FATO	ENERGIA	Via Petrobás
35	https://sp.gov.br/sp/canais-comunicacao/noticias/obras+do+rodoanel+norte+alcancam+51+de+execucao	SP.GOV.BR 	30/07/2025	A notícia é verdadeira e foi divulgada pelo Governo do Estado de São Paulo, um órgão oficial e fonte primária confiável para esse tipo de informação. Os dados são muito específicos (51% de execução geral, 76% em um trecho específico) e a redação é objetiva e técnica, citando prazos e modalidade de contrato (PPP), o que confere credibilidade ao comunicado.	As obras do trecho norte do Rodoanel Mário Covas (SP-021), realizadas pelo Governo do Estado de São Paulo por meio de Parceria Público-Privada (PPP), atingiram 51% de execução no mês de junho. Retomadas com seis meses de antecedência em relação ao prazo contratual, as intervenções no trecho entre as rodovias Fernão Dias e Presidente Dutra, que será entregue no segundo semestre deste ano, já alcançam 76% de avanço.	Obras do Rodoanel Norte alcançam 51% de execução	FATO	POLÍTICA	Não informado
36	https://noticias.stf.jus.br/postsnoticias/stf-declara-inconstitucional-lei-da-paraiba-que-obrigava-supermercados-a-fornecer-sacolas-gratuitamente/	STF - Supremo Tribunal Federal	29/08/2025	A notícia é verdadeira, com origem direta no próprio STF, que atua simultaneamente como a fonte da informação e o órgão oficial responsável pela decisão, um fato que reforça enormemente sua credibilidade. A linguagem é técnica e precisa, citando o tipo de ação (ADI 7719) e a data específica do julgamento, detalhes que confirmam a veracidade da informação.	O Supremo Tribunal Federal (STF) invalidou norma do Estado da Paraíba que obrigava supermercados e estabelecimentos comerciais similares a fornecer gratuitamente sacolas ou embalagens aos clientes. A decisão unânime foi tomada no julgamento da Ação Direta de Inconstitucionalidade (ADI) 7719, na sessão plenária virtual finalizada em 18 de agosto.	STF declara inconstitucional lei da Paraíba que obrigava supermercados a fornecer sacolas gratuitamente	FATO	POLÍTICA	Não informado
37	https://g1.globo.com/economia/noticia/2023/12/13/copom-corta-taxa-selic-de-1225percent-para-1175percent-ao-ano-na-ultima-reuniao-de-2023.ghtml	Portal G1	13/12/2023	É possível identificar que a notícia é verdadeira, pois apresenta Fonte Confiável (Portal G1), menciona um Órgão Oficial citado (Copom do Banco Central), traz Informação Específica sobre a redução da Selic, indica uma Data Clara (13/12/2023) e utiliza Linguagem Objetiva, sem exageros.	O Comitê de Política Monetária (Copom) do Banco Central decidiu, nesta quarta-feira (13/12/2023), reduzir a taxa básica de juros, a taxa Selic, em 0,5 ponto percentual, de 12,25% ao ano para 11,75% ao ano.	Copom corta taxa Selic de 12,25% para 11,75% ao ano e projeta novos cortes em 2024	FATO	ECONOMIA	Ana Paula Castro, TV Globo
38	https://agenciadenoticias.ibge.gov.br/agencia-noticias/2012-agencia-de-noticias/noticias/43282-industria-nacional-cresce-1-2-em-marco-maior-taxa-desde-junho-de-2024	Agência IBGE Notícias	07/05/2025	A notícia é verdadeira. A informação foi divulgada pela Agência IBGE Notícias, que é a fonte oficial e extremamente confiável do próprio Instituto Brasileiro de Geografia e Estatística, um órgão oficial do governo. Os dados são muito específicos (1,2% em março, com comparações mensais), apresentados com linguagem objetiva e clareza, características típicas de relatórios institucionais sérios.	A produção industrial brasileira cresceu 1,2% na passagem de fevereiro para março, após registrar 0,0% em fevereiro e 0,1% em janeiro de 2025. Este é o maior crescimento desde junho de 2024 (4,3%).	Indústria nacional cresce 1,2% em março, maior taxa desde junho de 2024	FATO	ECONOMIA	Breno Siqueira
39	https://g1.globo.com/economia/noticia/2023/10/09/desenrola-brasil-governo-lanca-plataforma-para-renegociar-dividas-nesta-segunda-veja-como-fazer.ghtml	Portal G1	09/10/2023	A notícia é verdadeira. A informação vem do G1, uma fonte confiável, e relata uma ação concreta do Governo Federal (órgão oficial), com detalhes específicos como data e público-alvo. A linguagem é clara e objetiva, confirmando a legitimidade do fato.	O governo federal lançou nesta segunda-feira (09/10/2023) a plataforma do programa Desenrola Brasil. O lançamento dá início à última etapa do programa, na qual serão renegociadas dívidas bancárias e não bancárias.	Desenrola Brasil: governo lança plataforma para renegociar dívidas nesta segunda; veja como fazer	FATO	ECONOMIA	Isabela Bolzani
40	https://www.gov.br/mma/pt-br/cop28-aprova-fundo-para-perdas-e-danos	Governo do Brasil (gov.br)	01/12/2023	Fato ocorrido na abertura da 28ª Conferência do Clima da ONU (COP28). A notícia ganha um teor verdadeiro, porque foi publicada em uma Fonte Confiável (Governo do Brasil (gov.br)), citando um Órgão Oficial (negociadores da ONU na COP28) e apresenta-se Informações específicas, como a data (30/11/2023), o local (Dubai) e o valor inicial do fundo para perdas e danos (mais de US$ 420 milhões). Além disso, utiliza Linguagem Objetiva, clara e sem exageros, o que reforça sua credibilidade.	Um acordo para ajudar os países mais pobres do planeta a se adaptarem à mudança do clima foi firmado nesta quinta-feira (30/11/2023), primeiro dia da COP28, a conferência do clima da ONU, em Dubai, nos Emirados Árabes Unidos. Os negociadores aprovaram um fundo para perdas e danos, e as doações já anunciadas passam de US$ 420 milhões. 	Fundo de perdas e danos é aprovado no primeiro dia da COP28	FATO	POLÍTICA	Não informado
41	https://noticias.stf.jus.br/postsnoticias/stf-define-40-gramas-de-maconha-como-criterio-para-diferenciar-usuario-de-traficante/	STF - Supremo Tribunal Federal	26/06/2024	A notícia é verdadeira porque foi publicada em uma Fonte Confiável (portal do STF), traz a decisão de um Órgão Oficial citado (Supremo Tribunal Federal) e apresenta Informação Específica, como a definição de 40 gramas de maconha para diferenciar usuário de traficante e a data do julgamento (26/03/2024). Esses pontos garantem sua autenticidade.	O Plenário do Supremo Tribunal Federal (STF) definiu nesta quarta-feira (26/03/2024) a tese de repercussão geral do julgamento que descriminalizou o porte de maconha para consumo pessoal... Ao avaliar o Recurso Extraordinário (RE) 635659, a maioria da Corte entendeu que o porte de maconha não é crime e deve ser caracterizado como infração administrativa, sem consequências penais.	STF define 40 gramas de maconha como critério para diferenciar usuário de traficante	FATO	SOCIEDADE	Não informado
42	https://brasil.un.org/pt-br/263674-relatório-sobre-mortalidade-infantil-2023	Nações Unidas Brasil	14/03/2024	Dados divulgados por uma Fonte Confiável (Grupo Interinstitucional da ONU para Estimativa da Mortalidade Infantil – UN IGME) mostram uma Informação Específica sobre a redução da mortalidade infantil para 4,9 milhões em 2022. A presença de uma Fonte Confiável, de um Órgão Oficial citado (ONU) e de dados concretos confirma que a notícia é verdadeira.	O número de crianças que morreram antes de completar cinco anos atingiu um mínimo histórico, caindo para 4,9 milhões em 2022 no mundo, de acordo com as últimas estimativas divulgadas pelo Grupo Interinstitucional das Nações Unidas para Estimativa da Mortalidade Infantil (UN IGME). 	Relatório sobre Mortalidade Infantil 2023	FATO	SAÚDE	Não informado
43	https://sna.agr.br/o-brasil-ultrapassou-os-estados-unidos-tornando-se-o-maior-exportador-de-milho-do-mundo-na-safra-2022-2023/#:~:text=Nacional%20de%20Agricultura-,O%20Brasil%20ultrapassou%20os%20Estados%20Unidos%2C%20tornando%2Dse%20o%20maior,mundo%20na%20safra%202022/2023&text=Segundo%20projeções%20da%20USDA%20(Departamento,no%20mercado%20global%20de%20milho.	SNA - Sociedade Nacional de Agricultura	01/09/2024	Dados divulgados por uma Fonte Confiável (G1/TV Globo) e confirmados por um Órgão Oficial (governo federal) mostram informações claras e verificáveis sobre o programa Voa Brasil. A presença de Fonte Confiável, Órgão Oficial citado e Informações Específicas são pontos-chave que ajudam a identificar que a notícia é verdadeira.	Segundo projeções da USDA (Departamento de Agricultura dos EUA) o Brasil se tornou o maior exportador de milho do mundo em 2023, exportando 56 milhões de toneladas do grão na safra 2022/2023. Isso representou um aumento de 29,6% em relação a 2022.	O Brasil ultrapassou os Estados Unidos, tornando-se o maior exportador de milho do mundo na safra 2022/2023	FATO	ECONOMIA	Marcelo Sá
44	https://g1.globo.com/economia/noticia/2024/07/24/governo-lanca-programa-com-passagens-aereas-a-r-200-inicialmente-voltado-para-aposentados.ghtml	Portal G1	24/07/2024	A notícia é verdadeira, pois apresenta Fonte Confiável (G1/TV Globo), menciona um Órgão Oficial citado (governo federal) e traz Informação Específica sobre o programa “Voa Brasil”, como o valor das passagens (R$ 200), o público-alvo (aposentados do INSS que não viajaram de avião nos últimos 12 meses) e a quantidade de bilhetes prevista (3 milhões no primeiro ano), garantindo clareza e credibilidade.	No primeiro ano, devem ser colocados à venda 3 milhões de bilhetes por até R$ 200. Para ter direito à compra, o aposentado não pode ter viajado de avião nos últimos 12 meses.	Voa Brasil: governo lança programa com passagens a R$ 200 para aposentados do INSS; veja regras	FATO	ECONOMIA	Thiago Resende, TV Globo
45	https://www.gov.br/secom/pt-br/assuntos/noticias/2025/07/desemprego-cai-a-5-8-no-segundo-trimestre-menor-nivel-da-serie-historica	Governo do Brasil (gov.br)	31/07/2025	Dados oficiais da Pesquisa Nacional por Amostra de Domicílios (PNAD) Contínua, realizada e divulgada pelo Instituto Brasileiro de Geografia e Estatística (IBGE).	A taxa de desemprego no Brasil ficou em 5,8% no trimestre de abril a junho de 2025, o menor índice desde o início da série histórica da PNAD Contínua, em 2012. Em relação ao trimestre anterior (7,0%), a queda foi de 1,2 ponto percentual. Na comparação com o mesmo período de 2024 (6,9%), a redução foi de 1,1 ponto.	Desemprego cai a 5,8% no segundo trimestre, menor nível da série histórica	FATO	ECONOMIA	Não informado
46	https://g1.globo.com/rj/sul-do-rio-costa-verde/noticia/2025/08/25/homem-e-preso-por-suspeita-de-esfaquear-idoso-em-paraty.ghtml	Portal G1	25/08/2025	A notícia é verdadeira, pois apresenta Fonte Confiável (G1), menciona um Órgão Oficial citado (autoridades policiais de Paraty) e traz Informação Específica sobre o crime, como a data (23 de setembro de 2023), o local (Morro do Ditão) e o suspeito (homem preso), o que permite verificar os fatos e garante clareza e credibilidade.	Um homem foi preso na noite de sábado (23/08/2025) por suspeita de esfaquear um idoso em frente a um mercado em Paraty (RJ). O crime aconteceu no Morro do Ditão.	Homem é preso por suspeita de esfaquear idoso em Paraty	FATO	SOCIEDADE	Não informado
47	https://g1.globo.com/rj/rio-de-janeiro/noticia/2025/08/25/sede-de-ong-lgbtqiap-esta-entre-imoveis-que-governo-do-rj-quer-leiloar.ghtml	Portal G1	25/08/2025	A notícia é verdadeira, pois apresenta Fonte Confiável (G1), refere-se a um Órgão Oficial citado (gestão estadual do RJ), traz Informação Específica sobre o leilão de imóveis públicos e utiliza Linguagem Objetiva, o que reforça sua autenticidade. OBS: é sempre importante verificar outros veículos de imprensa regionais como O Globo, Extra ou Folha, ou mesmo sites de transparência do governo do RJ, neste caso específico para confirmar se o leilão está em discussão.	Meta de Cláudio Castro é arrecadar R$ 1,5 bilhão, mas aprovação depende da Alerj. A mobilização contra a venda da sede do Arco-Íris já começou. O grupo busca apoio para barrar a medida e manter o local funcionando.	Sede de ONG LGBTQIAP+ está entre imóveis que governo do RJ quer leiloar para fazer caixa	FATO	SOCIEDADE	Lucas Madureira, Bom Dia Rio
48	https://www.cnnbrasil.com.br/politica/tarifaco-de-trump-pode-gerar-30-mil-processos-na-justica-do-trabalho/	CNN Brasil	18/08/2025	Trata-se de uma notícia verdadeira, publicada em Fonte Confiável (CNN Brasil), que cita um Órgão Oficial (Grupo Pact Insights), apresenta Informação Específica baseada em dados oficiais e metodologia plausível, e indica uma Data Clara (18 de agosto de 2025), garantindo sua autenticidade.	Especialistas avaliam medidas preventivas e alternativas à judicialização	Tarifaço de Trump pode gerar 30 mil processos na Justiça do Trabalho	FATO	POLÍTICA	Davi Vittorazzi, da CNN
49	https://www.uemasul.edu.br/realizada-a-ultima-etapa-da-escuta-publica-para-criacao-de-universidade-indigena/#:~:text=Realizada%20a%20última%20etapa%20da%20escuta%20pública,primeira%20universidade%20do%20Brasil%20em%20território%20indígena.	UEMASUL - Universidade Estadual da Região Tocantina do Maranhão	04/08/2025	É possível identificar que a notícia é verdadeira, pois apresenta Fonte Confiável (UEMASUL, universidade pública reconhecida), menciona um Órgão Oficial citado (Instituto Tukàn, coletivo de lideranças indígenas), traz Informação Específica sobre a criação da primeira universidade em território indígena e indica uma Data Clara (processo iniciado em 2024), mostrando coerência e credibilidade.	As escutas públicas, coordenadas pelo coletivo de lideranças dos povos originários, Instituto Tukàn, vêm sendo realizadas desde 2024 com o objetivo da criação da primeira universidade do Brasil em território indígena.	Realizada a última etapa da escuta pública para criação de universidade indígena	FATO	POLÍTICA	Não informado
50	https://www.gov.br/planalto/pt-br/acompanhe-o-planalto/noticias/2023/09/brasil-ira-presidir-o-conselho-de-seguranca-da-onu-durante-o-mes-de-outubro	Governo do Brasil (gov.br)	29/09/2023	A notícia é verdadeira pois foi publicada no site oficial do Governo Federal (Planalto), uma Fonte Confiável, menciona o Conselho de Segurança da ONU como Órgão Oficial citado, apresenta Informação Específica sobre a presidência do Brasil em outubro de 2023, dentro do sistema de rodízio, e utiliza Linguagem Objetiva, sem exageros.	O país ocupa uma das 10 vagas para membros não-permanentes, com mandato que se encerra no final de 2023	Brasil irá presidir o Conselho de Segurança da ONU durante o mês de outubro	FATO	POLÍTICA	Não informado
51	https://falsenews.example.com/cafe-provoca-cancer	Fatos Escondidos	15/08/2025	Notícia falsa. A alegação ignora estudos da OMS e IARC que classificam o café como não carcinogênico em consumo moderado. A linguagem alarmista, com termos como 'perigo imediato' e 'estudos secretos', é típica de desinformação para gerar pânico. Não há menção a fontes oficiais ou dados específicos, como relatórios publicados, o que levanta suspeita. Pergunte-se: Por que agências como a ANVISA não emitiram alertas se fosse verdade? Sempre verifique em portais confiáveis de saúde para evitar cair em boatos que distorcem fatos científicos.	Circula nas redes um alerta urgente sobre o café do dia a dia, afirmando que ele contém substâncias cancerígenas ativadas pelo calor da torra. Supostos especialistas anônimos dizem que beber mais de uma xícara por dia aumenta o risco de câncer em 50%, com relatos de casos 'escondidos' pela indústria. A postagem inclui imagens dramáticas de células cancerosas e chama para boicote imediato às marcas populares. Fontes não identificadas sugerem que governos sabem, mas silenciam por lobby. Compartilhamentos viralizam com hashtags como #CafeMata, gerando medo entre consumidores habituais. No entanto, nenhum estudo verificável é citado, e a narrativa ignora benefícios comprovados do café.	Café comum pode causar câncer, alertam especialistas anônimos.	FARSA	SAÚDE	Não informado
52	https://boatosfake.com/ia-substitui-professores	Portal Inovador	20/07/2025	Notícia falsa. Apesar de citar 'escolas no Japão', não há registros em fontes educacionais confiáveis ou ministérios da educação. A IA apoia ensino, mas não substitui professores, conforme diretrizes da UNESCO. A manchete exagerada e a ausência de detalhes verificáveis, como nomes de escolas, confirmam desinformação. Considere: Se fosse real, por que não há cobertura em jornais como BBC? Verifique sempre em órgãos oficiais para discernir inovações reais de boatos alarmantes.	Uma revolução educacional estaria acontecendo no Japão, onde escolas inteiras operam sem professores humanos, gerenciadas por sistemas de IA que dão aulas, corrigem provas e até conversam com alunos sobre problemas emocionais. Relatos anônimos dizem que o custo caiu pela metade, e o desempenho dos estudantes subiu 30%. Imagens manipuladas mostram salas vazias com robôs virtuais. Críticos 'especialistas' alertam para o fim de empregos no setor, com hashtags como #FimDosProfessores espalhando pânico. Nenhum distrito educacional japonês é nomeado, e a história ignora leis que exigem supervisão humana. A narrativa viraliza em grupos de pais preocupados.	IA substitui professores em escolas modernas.	FARSA	EDUCAÇÃO	João Silva
53	https://fakenewsalert.com/microplastico-cura-doencas	Verdade Revelada	10/09/2025	Notícia falsa. Microplásticos são poluentes tóxicos, não curativos, como documentado por relatórios da ONU e EPA. A falta de referências a estudos científicos e o tom milagroso, com 'descoberta recente', são indícios claros. Não apresenta dados específicos ou autores de pesquisa, o que é comum em fake news. Pense: Por que organizações de saúde não endossam? Consulte fontes ambientais oficiais para separar mitos de fatos baseados em evidências.	Uma descoberta chocante afirma que microplásticos na água filtram toxinas do corpo, curando doenças crônicas como diabetes e artrite. Supostos cientistas dizem que ingerir pequenas quantidades ativa defesas imunológicas, com testes 'secretos' mostrando remissão em 70% dos pacientes. Postagens incluem gráficos falsos e testemunhos anônimos de 'curados'. A indústria plástica seria a beneficiada, escondendo o potencial medicinal. Viraliza com alertas para beber água não filtrada, ignorando riscos reais de contaminação. Nenhuma instituição médica é citada, e a história contradiz pesquisas sobre danos dos plásticos.	Microplástico: o novo remédio natural?	FARSA	MEIO AMBIENTE	Não informado
54	https://desinformacao.com/exercicio-causa-envelhecimento	Rumor Diário	05/06/2025	Notícia falsa. Exercícios melhoram saúde e longevidade, conforme guidelines da OMS e estudos em revistas como Lancet. A alegação distorce ciência, usando linguagem dramática sem fontes verificáveis. Ausência de dados como amostras de estudo indica intenção de enganar. Pergunte-se: Por que atletas vivem mais se fosse verdade? Sempre cheque em portais médicos confiáveis para evitar desinformação que desencoraja hábitos saudáveis.	Alertas nas redes dizem que exercícios intensos liberam radicais livres que aceleram envelhecimento celular, envelhecendo a pele e órgãos em até 20 anos. Relatos de 'atletas precoces' com rugas prematuras e fadiga crônica são compartilhados, com imagens antes/depois manipuladas. Especialistas anônimos recomendam repouso total para juventude eterna. A postagem viraliza em fóruns de fitness, causando dúvida em praticantes. Ignora benefícios cardiovasculares comprovados, sem citar nenhum estudo real. A narrativa foca em medo para cliques, sem base científica.	Exercício físico causa envelhecimento precoce.	FARSA	SAÚDE	Ana Oliveira
55	https://fakealerts.com/chocolate-reduz-peso	Notícias Rápidas	25/08/2025	Notícia falsa. Chocolate pode ser parte de dietas equilibradas, mas não causa perda de peso mágica, per nutricionistas e estudos em journals como Nutrition. A promessa absoluta e falta de detalhes nutricionais são sinais de fake. Não menciona calorias ou composição, comum em boatos. Considere: Por que dietas oficiais não recomendam? Verifique em agências como ANVISA para discernir dietas reais de mitos.	Comer chocolate amargo diariamente derrete gordura, permitindo perder 10kg por mês sem dieta ou exercício, segundo 'pesquisas inovadoras'. Testemunhos anônimos falam de transformações milagrosas, com fotos editadas. A indústria do cacau esconderia isso para vender mais. Postagens incluem receitas 'secretas' de shakes de chocolate. Viraliza em grupos de emagrecimento, ignorando riscos de açúcar. Nenhuma universidade ou estudo é nomeado, contradizendo conhecimentos básicos de nutrição.	Chocolate: a dieta milagrosa para emagrecer.	FARSA	SAÚDE	Não informado
56	https://boatos.org/tecnologia/5g-causa-infertilidade	Info Livre	12/05/2025	Notícia falsa. Estudos da OMS e FCC confirmam segurança do 5G; alegações carecem de evidências. A citação de 'relatórios secretos' e tom conspiratório são típicos de desinformação. Ausência de dados epidemiológicos levanta suspeita. Pense: Por que implantações globais continuam? Consulte reguladores para separar fatos de medos infundados.	Redes 5G emitem radiação que danifica células reprodutivas, causando infertilidade em jovens expostos, per relatórios 'vazados'. Casos de casais inférteis em áreas 5G são relatados anônimamente, com gráficos falsos de declínio de fertilidade. Empresas de telecom negam, mas 'especialistas' alertam para boicote. Viraliza com petições online, ignorando testes de segurança. Nenhum órgão de saúde endossa, contradizendo pesquisas sobre radiação não-ionizante.	5G: ameaça à fertilidade humana.	FARSA	TECNOLOGIA	Maria Santos
57	https://falsasnoticias.com/abelhas-extintas-em-2025	Alerta Global	30/07/2025	Notícia falsa. Abelhas declinam, mas não se extinguem em 2025, per FAO e relatórios ambientais. Previsão catastrófica sem base científica indica sensacionalismo. Falta de fontes como estudos publicados é um alerta. Pergunte-se: Por que apicultores não confirmam? Verifique em organizações como WWF para fatos reais sobre biodiversidade.	Abelhas desaparecerão completamente até dezembro de 2025 devido a pesticidas e clima, causando colapso agrícola e fome global, alertam 'cientistas'. Imagens de colmeias vazias e simulações de escassez de comida viralizam. Governos 'escondem' para evitar pânico, dizem fontes anônimas. Postagens pedem doações para 'salvar abelhas'. Ignora esforços de conservação, sem citar dados reais de monitoramento. A narrativa foca em apocalipse para engajamento.	Extinção das abelhas: o fim da comida?	FARSA	MEIO AMBIENTE	Não informado
58	https://rumores.com/vitamina-c-cura-gripe-em-1-dia	Portal Saúde Agora	18/08/2025	Notícia falsa. Vitamina C apoia imunidade, mas não cura gripe instantaneamente, per CDC e estudos médicos. A ausência de evidências clínicas e promessas milagrosas são indícios. Não especifica dosagens ou trials. Considere: Por que vacinas existem se fosse simples? Cheque em ministérios da saúde para informações precisas.	Megadoses de vitamina C eliminam vírus da gripe em 24 horas, sem necessidade de remédios, per 'descobertas recentes'. Testemunhos de 'curados' incluem sintomas desaparecendo magicamente. Suplementos são promovidos como solução barata. Viraliza em tempos de resfriados, ignorando que gripe é viral. Nenhum hospital endossa, contradizendo protocolos médicos padrão.	Vitamina C: cura instantânea para gripes.	FARSA	SAÚDE	Carlos Mendes
59	https://fakeinfo.com/realidade-virtual-causa-cegueira	Tech Falso	22/06/2025	Notícia falsa. VR é segura com moderação, per AAP e estudos oftalmológicos. Alegação de cegueira sem dados verificáveis indica fake. Linguagem exagerada alerta para intenção de assustar. Pense: Por que jogos VR são populares? Verifique em associações médicas para mitos tecnológicos.	Uso de VR por mais de 1 hora danifica retina permanentemente, levando a cegueira, per 'estudos ocultos'. Usuários relatam visão borrada e perda total em casos extremos, com imagens chocantes. Empresas de tech negam, mas 'vítimas' processam. Viraliza em fóruns gamers, ignorando guidelines de uso. Nenhum oftalmologista é citado, contradizendo pesquisas sobre fadiga ocular temporária.	VR: risco de cegueira para usuários.	FARSA	TECNOLOGIA	Não informado
60	https://boatosfake.com/agua-gelada-emagrece	Diário Bem-Estar	09/09/2025	Notícia falsa. Promessa sem evidências científicas é sinal de desinformação, água gelada queima calorias mínimas, não emagrece. Ausência de cálculos calóricos deve levantar dúvidas. Pergunte-se: Por que não é uma dieta padrão? Consulte especialistas para dietas baseadas em fatos.	Beber 2 litros de água gelada por dia acelera metabolismo, queimando 5kg semanais sem mudanças na rotina, per 'técnica revolucionária'. Testemunhos mostram transformações, com termômetros ilustrando 'queima interna'. Promovem garrafas térmicas como ferramenta essencial. Viraliza em apps de fitness, ignorando hidratação básica. Nenhum estudo nutricional é referenciado, contradizendo princípios de perda de peso.	Água gelada: segredo para perda de peso.	FARSA	SAÚDE	Laura Ferreira
61	https://fakenews.com/meditacao-cura-cancer	Mente Saudável	14/07/2025	Notícia falsa. Meditação auxilia tratamento, mas não cura câncer, per ACS e oncologia. Alegação sem trials clínicos indica manipulação. Tom milagroso sem fontes alerta. Considere: Por que quimioterapia existe? Verifique em institutos como INCA para terapias comprovadas.	Meditação guiada por 30 minutos diários destrói células cancerosas em estágios avançados, per 'pesquisas espirituais'. Pacientes 'curados' compartilham histórias de remissão total sem remédios. Apps de meditação são promovidos como cura alternativa. Viraliza em grupos de saúde holística, ignorando evidências médicas. Nenhum oncologista endossa, contradizendo tratamentos padrão.	Meditação: cura para o câncer?	FARSA	SAÚDE	Não informado
62	https://desinfo.com/smartphones-causam-alzheimer	Info Tech	28/08/2025	Notícia falsa. Nenhum link comprovado com Alzheimer, per Alzheimer Association e estudos neurológicos. Citação de 'usuários jovens' sem dados epidemiológicos é típico de fake. Linguagem alarmista levanta suspeita. Pense: Por que não há proibições? Cheque em sociedades neurológicas para fatos.	Radiação de smartphones danifica cérebro, causando Alzheimer precoce em usuários abaixo de 30, per 'relatórios confidenciais'. Sintomas como esquecimentos são relatados em milênios viciados em telas. Imagens de cérebros 'danificados' viralizam. Empresas negam, mas 'estudos' sugerem limite de uso. Ignora fatores genéticos, sem citar pesquisas reais.	Celulares: causa de Alzheimer precoce.	FARSA	SAÚDE	Ricardo Gomes
63	https://fakealert.com/plantas-falam-com-humanos	Ciência Oculta	03/09/2025	Notícia falsa. Plantas respondem a estímulos, mas não comunicam sonoricamente, per botânica e journals como Nature. Alegação de 'ondas invisíveis' sem tecnologia verificável indica sensacionalismo. Ausência de pesquisadores nomeados alerta. Pergunte-se: Por que não é notícia em ciências? Verifique em universidades para descobertas reais.	Plantas emitem sons inaudíveis que comunicam emoções a humanos sensíveis, per 'descoberta quântica'. Experimentos 'provam' que elas pedem água ou reclamam de poluição. Dispositivos 'especiais' detectam, promovidos online. Viraliza em comunidades esotéricas, ignorando biologia vegetal. Nenhum laboratório confirma, contradizendo estudos sobre sinalização química.	Plantas falam: nova descoberta científica.	FARSA	CIÊNCIA	Não informado
64	https://rumores.org/dormir-pouco-aumenta-inteligencia	Portal Sono	19/06/2025	Notícia falsa. Sono insuficiente prejudica cognição, per Sleep Foundation e neurociência. Alegação contrária sem evidências é desinformação. Falta de métricas de QI levanta dúvida. Considere: Por que gênios dormem bem? Cheque em institutos de sono para hábitos saudáveis.	Dormir apenas 4 horas por noite estimula cérebro, aumentando QI em 20 pontos, per 'técnica de elites'. Executivos 'sucessosos' testemunham foco aprimorado. Gráficos falsos mostram picos de inteligência. Viraliza em produtividade, ignorando riscos de exaustão. Nenhum psicólogo endossa, contradizendo pesquisas sobre sono REM.	Sono curto: chave para inteligência superior.	FARSA	SAÚDE	Sofia Almeida
65	https://boatos.com/cafeina-cura-depressao	Notícias Saúde	07/08/2025	Notícia falsa. Cafeína pode elevar humor, mas não cura depressão, per APA e psiquiatria. Promessa rápida sem terapia indica fake. Ausência de dosagens clínicas alerta. Pense: Por que medicamentos existem? Verifique em associações mentais para tratamentos reais.	Cafeína em doses altas cura depressão em uma semana, substituindo antidepressivos, per 'estudos naturais'. Pacientes relatam euforia permanente sem efeitos colaterais. Bebidas energéticas são recomendadas como terapia. Viraliza em saúde mental, ignorando diagnósticos profissionais. Nenhum psiquiatra é citado, contradizendo guidelines terapêuticos.	Cafeína: remédio natural contra depressão.	FARSA	SAÚDE	Não informado
66	https://falsas.com/exercicio-noite-causa-insonia	Vida Ativa	25/07/2025	Notícia falsa. Exercício noturno pode relaxar, não causar insônia sempre, per estudos em journals de sono. Generalização sem nuances indica manipulação. Linguagem categórica alerta. Pergunte-se: Por que horários variam? Consulte fontes de fitness para mitos desmentidos.	Treinar após 18h perturba hormônios, causando insônia crônica em 80% das pessoas, per 'pesquisas noturnas'. Relatos de noites em claro após academia viralizam. Especialistas anônimos aconselham só manhãs. Ignora diferenças individuais, sem citar amostras de estudo. A narrativa assusta praticantes noturnos para cliques.	Treino noturno: inimigo do sono.	FARSA	SAÚDE	Paulo Rodrigues
67	https://fakeinfo.org/ar-condicionado-causa-cancer-pulmao	Clima Seguro	11/09/2025	Notícia falsa. Ar-condicionado pode acumular poeira, mas não causa câncer, per WHO se limpo. Alegação de 30% sem epidemiologia é fake. Ausência de fontes médicas levanta suspeita. Considere: Por que não há recalls? Verifique em agências de saúde para riscos reais.	Filtros de ar-condicionado liberam partículas cancerígenas, afetando pulmões em 30% dos usuários, per 'alertas ambientais'. Casos de câncer em escritórios climatizados são citados anônimamente. Recomendam ventiladores como alternativa segura. Viraliza no verão, ignorando manutenção. Nenhum estudo pulmonar confirma, contradizendo ar puro filtrado.	Ar-condicionado: risco cancerígeno.	FARSA	SAÚDE	Não informado
68	https://desinfo.net/musica-classica-aumenta-vida	Cultura Viva	16/08/2025	Notícia falsa. Música beneficia saúde, mas não estende vida em anos, per gerontologia e estudos. Exagero sem trials longitudinais indica sensacionalismo. Falta de mecanismos biológicos alerta. Pense: Por que não é prescrito? Cheque em journals culturais para efeitos reais.	Ouvir música clássica 1 hora por dia adiciona 10 anos à vida, reduzindo estresse fatal, per 'pesquisas harmônicas'. Idosos 'rejuvenescidos' testemunham vitalidade extra. Playlists específicas são promovidas. Viraliza em idosos, ignorando fatores como dieta. Nenhum geriatra endossa, contradizendo envelhecimento multifatorial.	Música clássica: elixir da longevidade.	FARSA	CULTURA	Mariana Costa
69	https://boatosfake.org/leitura-livros-cura-miomia	Leitura Mágica	02/07/2025	Notícia falsa. Leitura pode cansar olhos, não cura miopia genética, per oftalmologia. Alegação permanente sem cirurgias indica fake. Ausência de métodos específicos levanta dúvida. Pergunte-se: Por que óculos persistem? Verifique em associações oculares para tratamentos verdadeiros.	Ler livros em luz natural corrige miopia para sempre, fortalecendo músculos oculares, per 'técnica antiga'. Usuários descartam óculos após meses, com testemunhos visuais. Bibliotecas são elogiadas como clínicas. Viraliza em leitores, ignorando genética. Nenhum oftalmologista confirma, contradizendo correções ópticas.	Leitura: cura para problemas de visão.	FARSA	SAÚDE	Não informado
70	https://rumores.com/yoga-reverte-envelhecimento	Yoga Diário	21/06/2025	Notícia falsa. Yoga melhora flexibilidade, mas não reverte envelhecimento celular, per biologia. Número de 15 anos sem evidências é exagerado. Linguagem milagrosa alerta. Considere: Por que idosos envelhecem? Cheque em estudos de yoga para benefícios reais.	Praticar yoga diariamente reverte relógio biológico em 15 anos, suavizando rugas e energizando órgãos, per 'estudos yogis'. Praticantes mostram fotos rejuvenescidas. Poses específicas são 'fontes da juventude'. Viraliza em wellness, ignorando tempo. Nenhum biólogo endossa, contradizendo telômeros.	Yoga: fonte da juventude eterna.	FARSA	SAÚDE	Fernando Lima
71	https://fakealerts.net/meditacao-aumenta-altura	Mente Corpo	09/09/2025	Notícia falsa. Altura é genética pós-puberdade; meditação não afeta ossos, per endocrinologia. Alegação absurda sem mecanismo indica desinformação. Ausência de estudos alerta. Pense: Por que não é terapia padrão? Verifique em médicos para crescimento real.	Meditação focada alonga espinha, aumentando altura em adultos até 5cm, per 'técnicas mentais'. Testemunhos de 'crescidos' incluem medidas antes/depois. Apps guiam o processo. Viraliza em insatisfeitos com altura, ignorando biologia. Nenhum endócrino confirma, contradizendo fechamento de placas de crescimento.	Meditação: crescimento após 18 anos.	FARSA	SAÚDE	Não informado
72	https://fakenews.com/chuveiro-quente-causa-calvicie	Bem-Estar Diário	27/08/2025	Notícia falsa. Água quente pode secar cabelo, mas não causa calvície genética, per dermatologia. Alegação irreversível sem evidências é fake. Linguagem chocante levanta suspeita. Pergunte-se: Por que não há avisos em banheiros? Cheque em sociedades dermatológicas para causas reais.	Banhos quentes escaldam folículos, causando calvície permanente, per 'estudos térmicos'. Usuários relatam perda rápida de cabelo. Recomendam água fria como prevenção. Viraliza no inverno, ignorando hormônios. Nenhum dermatologista endossa, contradizendo fatores androgênicos.	Banho quente: inimigo dos cabelos.	FARSA	SAÚDE	Julia Mendes
73	https://desinfo.org/cafe-verde-cura-diabetes	Saúde Natural	04/07/2025	Notícia falsa. Café verde auxilia glicemia, mas não cura diabetes, per ADA e endócrinos. Cura em mês sem insulina indica manipulação. Ausência de trials alerta. Considere: Por que diabéticos monitoram? Verifique em associações para gerenciamento real.	Café verde em cápsulas cura diabetes tipo 2 em 30 dias, normalizando açúcar sem dieta, per 'extratos milagrosos'. Pacientes 'livres' de injeções testemunham. Suplementos são vendidos como solução natural. Viraliza em diabéticos, ignorando progressão da doença. Nenhum endocrinologista confirma, contradizendo tratamentos crônicos.	Café verde: fim do diabetes.	FARSA	SAÚDE	Não informado
74	https://boatos.com/exercicio-mental-aumenta-forca	Fitness Mente	19/08/2025	Notícia falsa. Exercício mental beneficia cérebro, não músculos, per neurociência e fisiologia. Aumento sem esforço é absurdo sem evidências. Linguagem revolucionária alerta. Pense: Por que ginastas treinam? Cheque em journals de fitness para ganhos reais.	Treinos mentais visualizando músculos fortes aumentam força sem academia, ganhando 20% de massa, per 'neurofitness'. Atletas 'mentais' levantam pesos extras. Apps guiam visualizações. Viraliza em sedentários, ignorando hipertrofia. Nenhum fisiologista endossa, contradizendo treinamento resistido.	Mente forte: músculos sem esforço.	FARSA	SAÚDE	Roberto Silva
75	https://fakeinfo.com/riso-cura-alergias	Riso Diário	13/09/2025	Notícia falsa. Riso melhora imunidade temporariamente, mas não cura alergias, per alergologia. Cura crônica sem remédios indica fake. Ausência de mecanismos alerta. Pergunte-se: Por que antialérgicos existem? Verifique em associações para tratamentos comprovados.	Rir alto por 10 minutos diários elimina alergias crônicas, liberando endorfinas que bloqueiam histaminas, per 'terapia do riso'. Alérgicos 'curados' de rinite e asma testemunham. Grupos de riso são promovidos. Viraliza em humor, ignorando genética alérgica. Nenhum alergologista confirma, contradizendo imunoterapia.	Riso: remédio contra alergias.	FARSA	SAÚDE	Não informado
76	https://jornal.usp.br/2025/09/	Jornal da USP	02/09/2025	Notícia verdadeira. Publicada pelo Jornal da USP, uma fonte acadêmica confiável ligada à Universidade de São Paulo, com detalhes específicos sobre a visita do reitor da Universidade de Buenos Aires à USP para discutir parcerias em inteligência artificial na educação. A matéria inclui contexto sobre cooperações internacionais e usos práticos de IA em gestão escolar, como automação de processos administrativos e personalização de aprendizado. A linguagem objetiva, com menções a eventos e nomes de instituições, reforça a credibilidade. Pense: Fontes universitárias como essa publicam informações verificadas com base em eventos reais, e você pode confirmar em sites oficiais da USP para mais detalhes.	O reitor da Universidade de Buenos Aires (UBA), Ricardo Gelpi, visitou a Universidade de São Paulo (USP) para discutir parcerias em inteligência artificial aplicada à educação. Durante o encontro, foram exploradas colaborações em projetos de IA para otimizar a gestão escolar, como sistemas de análise de dados para melhorar o desempenho acadêmico e ferramentas de aprendizado personalizado. A USP destacou iniciativas existentes, como laboratórios de IA, e planeja intercâmbios de pesquisadores. Esse esforço visa fortalecer laços entre instituições latino-americanas em tecnologia educacional. A visita ocorreu em meio a conferências sobre inovação pedagógica. Detalhes incluem agendas de workshops conjuntos previstos para 2026.	USP discute parcerias em IA para gestão escolar.	FATO	EDUCAÇÃO	Não informado
77	https://www.nexojornal.com.br/expresso/2025/09/02/pib-brasil-economia-segundo-trimestre-impacto-tarifaco-trump	Nexo Jornal	02/09/2025	Notícia verdadeira. Do Nexo Jornal, uma fonte jornalística independente e respeitada no Brasil, com dados econômicos específicos do IBGE mostrando crescimento de 0,4% no PIB no segundo trimestre de 2025. A análise inclui comparações com trimestres anteriores, setores como indústria e serviços, e projeções para o ano. A abordagem factual, sem sensacionalismo, e referência a fontes oficiais como o IBGE confirmam a veracidade. Considere: Jornais como o Nexo baseiam reportagens em dados públicos, e você pode verificar os números diretamente no site do IBGE para corroboração.	A economia brasileira registrou um crescimento de 0,4% no PIB no segundo trimestre de 2025, de acordo com dados divulgados pelo IBGE. Esse aumento foi impulsionado pelo setor de serviços, que cresceu 1,2%, enquanto a indústria teve uma leve contração de 0,3%. Em comparação ao mesmo período de 2024, o crescimento foi de 2,1%. Analistas destacam o impacto de políticas fiscais e investimentos em infraestrutura. O Nexo também discute possíveis efeitos de tarifas internacionais, como as propostas por Trump, que poderiam afetar exportações brasileiras. Projeções para o ano indicam um PIB total em torno de 3%, com desafios como inflação controlada em 4,5%.	Crescimento do PIB brasileiro em 2025.	FATO	ECONOMIA	Não informado
78	https://www.gov.br/saude/pt-br/assuntos/noticias/2025	Governo do Brasil	02/09/2025	Notícia verdadeira. Fonte oficial do Ministério da Saúde do Brasil (gov.br), com dados precisos sobre a distribuição de 15 milhões de doses de vacina contra sarampo em 2025, incluindo estratégias de vacinação em escolas e comunidades. A matéria cita parcerias com estados e municípios, e estatísticas de cobertura vacinal. A linguagem institucional, com referências a programas nacionais como o PNI, garante autenticidade. Pense: Portais governamentais publicam informações baseadas em ações reais, e você pode acessar relatórios completos no site para verificação adicional.	O Ministério da Saúde anunciou a distribuição de 15 milhões de doses de vacina contra o sarampo em todo o território nacional durante 2025, visando aumentar a cobertura vacinal para 95% da população infantil. A campanha inclui ações em escolas, postos de saúde e comunidades vulneráveis, com foco em regiões com baixa adesão. Parcerias com estados e municípios facilitam a logística, e o Programa Nacional de Imunizações (PNI) monitora os resultados. Dados preliminares mostram redução de 20% em casos notificados comparado a 2024. A iniciativa também integra vacinação contra outras doenças, como pólio. Autoridades enfatizam a importância da imunização coletiva para erradicação.	Distribuição recorde de vacinas contra sarampo.	FATO	SAÚDE	Não informado
79	https://www1.folha.uol.com.br/ambiente/	Folha de S.Paulo	03/09/2025	Notícia verdadeira. Da Folha de S.Paulo, um jornal de ampla credibilidade no Brasil, com reportagens detalhadas sobre a crise climática, incluindo impactos no Brasil como secas na Amazônia e elevação do nível do mar. A seção ambiente cita pesquisas de instituições como IPCC e INPE, com dados mensuráveis como aumento de 1,5°C na temperatura global. A linguagem jornalística objetiva, com entrevistas de especialistas, reforça a confiabilidade. Considere: Jornais estabelecidos como a Folha baseiam conteúdo em fontes científicas, e você pode cruzar com relatórios do IPCC para confirmação.	A seção de ambiente da Folha de S.Paulo cobre a crise climática com ênfase nos impactos no Brasil, como a seca prolongada na Amazônia que afeta 20% da floresta, segundo o INPE. Reportagens discutem elevação do nível do mar ameaçando cidades costeiras, com projeções de 0,5m até 2050. Entrevistas com climatologistas destacam a necessidade de políticas de redução de emissões. Artigos também abordam ecologia, como conservação de espécies ameaçadas no Pantanal após incêndios. Dados do IPCC são citados, mostrando que o Brasil contribui com 3% das emissões globais. A cobertura inclui soluções sustentáveis, como energia renovável.	Crise climática: impactos no ambiente.	FATO	MEIO AMBIENTE	Não informado
80	https://agenciabrasil.ebc.com.br/radioagencia-nacional/meio-ambiente/audio/2025-08/impactos-do-microplastico-sao-graves-e-afetam-o-ambiente-e-pessoas	Agência Brasil	07/08/2025	Notícia verdadeira. Da Agência Brasil, um órgão de comunicação oficial ligado à EBC, com estimativas específicas de 190 mil toneladas de lixo marinho no Brasil anualmente, baseadas em relatórios da ONU. A reportagem discute impactos na saúde humana e ecossistemas, com linguagem factual e referências a estudos ambientais. Isso confirma a veracidade, pois agências estatais publicam dados verificados. Pense: Relatórios da ONU sobre plásticos são acessíveis online, permitindo corroboração direta com fontes globais.	Os impactos graves do microplástico afetam tanto o ambiente quanto as pessoas, com o Brasil gerando cerca de 190 mil toneladas de lixo marinho por ano, segundo estimativas da ONU. Partículas invadem cadeias alimentares, contaminando peixes e água potável, levando a problemas de saúde como inflamações. A Agência Brasil destaca estudos que mostram microplásticos em 80% das amostras marinhas brasileiras. Iniciativas de reciclagem e leis contra plásticos descartáveis são discutidas como soluções. O áudio inclui entrevistas com ambientalistas, enfatizando a urgência de redução na produção. Dados globais indicam 14 milhões de toneladas anuais nos oceanos.	Microplástico: ameaça ao Brasil.	FATO	MEIO AMBIENTE	Não informado
81	https://brasil.un.org/pt-br	Nações Unidas Brasil	03/09/2025	Notícia verdadeira. Site oficial da ONU no Brasil, com foco nos Objetivos de Desenvolvimento Sustentável (ODS), incluindo proteção climática e erradicação da pobreza. A página detalha progressos brasileiros, como redução de desigualdades via programas sociais, com dados estatísticos da ONU. A linguagem neutra e institucional garante autenticidade. Considere: A ONU publica relatórios anuais sobre ODS, acessíveis para verificação em sites globais como un.org.	Os Objetivos de Desenvolvimento Sustentável (ODS) no Brasil abrangem 17 metas, com ênfase na proteção climática (ODS 13) e erradicação da pobreza (ODS 1). Relatórios da ONU mostram que o Brasil reduziu a pobreza extrema em 15% desde 2015, via Bolsa Família. Iniciativas climáticas incluem compromissos de redução de emissões em 50% até 2030. A página destaca parcerias com governos locais para sustentabilidade urbana. Dados incluem 40% de cobertura florestal preservada. Eventos como conferências ODS promovem diálogo multistakeholder. A ONU monitora avanços com indicadores anuais.	ODS: proteção ao clima e pobreza.	FATO	SOCIEDADE	Não informado
82	https://www1.folha.uol.com.br/seminariosfolha/2025/09/em-2017-eventos-da-folha-discutiram-saude-negocios-e-sustentabilidade.shtml	Folha de S.Paulo	02/09/2025	Notícia verdadeira. Da Folha de S.Paulo, com resumo de seminários realizados em 2017 sobre saúde, negócios e sustentabilidade, incluindo palestrantes como especialistas em economia verde. A matéria cita temas como inovação em saúde pública e modelos sustentáveis de negócios, com linguagem jornalística precisa. Isso reforça credibilidade, pois jornais arquivam eventos passados. Pense: Arquivos da Folha são públicos, permitindo verificação de datas e participantes.	Em 2017, os seminários da Folha de S.Paulo discutiram saúde, negócios e sustentabilidade em eventos com painéis sobre inovação médica, como vacinas e telemedicina, e modelos empresariais ecológicos. Palestrantes incluíram CEOs e ambientalistas debatendo transição para economia verde. Temas como impacto de mudanças climáticas nos negócios foram destacados. A cobertura retrospectiva em 2025 reflete lições aprendidas, com comparações a avanços atuais. Eventos atraíram milhares, promovendo debates públicos. Arquivos incluem vídeos e transcrições disponíveis online.	Debates em saúde e negócios sustentáveis.	FATO	CULTURA	Não informado
83	https://www.gov.br/secom/pt-br/assuntos/noticias/2025/08/governo-federal-lanca-consulta-publica-sobre-sustentabilidade-do-jornalismo-ambiental-e-na-amazonia	Governo do Brasil	11/08/2025	Notícia verdadeira. Fonte governamental (gov.br), com detalhes sobre a consulta pública lançada pela Secom para sustentabilidade no jornalismo ambiental, focando na Amazônia. A iniciativa inclui prazos para contribuições e objetivos como capacitação de jornalistas. A linguagem oficial e menção a parcerias com ONGs garantem autenticidade. Considere: Consultas públicas federais são registradas em diários oficiais, acessíveis para verificação.	O Governo Federal lançou uma consulta pública sobre a sustentabilidade do jornalismo ambiental, com ênfase na cobertura da Amazônia. A iniciativa visa coletar opiniões para políticas que apoiem reportagens independentes sobre desmatamento e biodiversidade. Prazo para contribuições é de 60 dias, via plataforma online. Parcerias com ONGs e universidades promovem treinamentos para jornalistas locais. Objetivos incluem financiamento para investigações e proteção a repórteres em áreas de risco. Resultados serão incorporados a planos nacionais de comunicação ambiental.	Sustentabilidade no jornalismo ambiental.	FATO	MEIO AMBIENTE	Não informado
84	https://jornal.usp.br/editorias/ciencias/ciencias-ambientais/	Jornal da USP	02/09/2025	Notícia verdadeira. Do Jornal da USP, com pesquisas específicas sobre mapas de carbono no solo e sensores biodegradáveis em plantas, conduzidas por cientistas da universidade. A seção ciências ambientais cita dados de projetos financiados por agências como FAPESP, com linguagem técnica e precisa. Isso confirma veracidade, pois universidades publicam estudos revisados. Pense: Artigos da USP são indexados em bases acadêmicas, permitindo corroboração.	A editoria de ciências ambientais do Jornal da USP destaca pesquisas como mapas de carbono no solo da Mata Atlântica, mapeando 500 mil hectares para sequestro de CO2. Outra inovação são sensores biodegradáveis implantados em plantas para monitorar saúde vegetal em tempo real. Estudos envolvem equipes multidisciplinares, com aplicações em agricultura sustentável. Dados mostram potencial de redução de emissões em 10%. Publicações incluem parcerias internacionais. A seção promove divulgação científica acessível ao público.	Avanços em ciências ambientais.	FATO	CIÊNCIA	Não informado
85	https://www.bbc.com/portuguese	BBC News Brasil	03/09/2025	Notícia verdadeira. Da BBC News Brasil, fonte global de jornalismo imparcial, com análises sobre o Brasil e o mundo, incluindo economia, cultura e meio ambiente. A página em português cita fontes diversas como governos e ONGs, com reportagens aprofundadas. A credibilidade é reforçada por verificação factual. Considere: A BBC segue padrões éticos rigorosos, e histórias podem ser cruzadas com outras mídias internacionais.	A BBC News Brasil oferece notícias e análises sobre o Brasil no contexto global, cobrindo temas como recuperação econômica pós-pandemia, com crescimento projetado em 2,5% para 2025. Reportagens incluem impactos culturais, como festivais indígenas na Amazônia, e ambientais, como conservação de recifes. Entrevistas com especialistas fornecem perspectivas equilibradas. A seção internacional discute relações Brasil-EUA em comércio. Conteúdo multimídia enriquece a cobertura, com podcasts e vídeos. A BBC enfatiza imparcialidade, citando múltiplas fontes.	BBC: contexto global em português.	FATO	SOCIEDADE	Não informado
86	https://oglobo.globo.com/saude/ciencia/noticia/2025/09/03/alzheimer-tem-cheiro-novo-estudo-liga-olfato-a-fase-precoce-da-doenca.ghtml	O Globo	03/09/2025	Notícia verdadeira. Do O Globo, jornal brasileiro de renome, com estudo alemão publicado em revista científica ligando perda de olfato à Alzheimer precoce. A matéria inclui detalhes sobre metodologia, amostras de 200 pacientes e implicações para diagnósticos. Linguagem acessível com base em fatos reforça credibilidade. Pense: Estudos médicos são validados por peer-review, e você pode buscar o paper original na PubMed.	Um novo estudo alemão liga a perda de olfato à fase precoce da Alzheimer, sugerindo que testes de cheiro podem detectar a doença anos antes de sintomas cognitivos. Pesquisadores analisaram 200 participantes, encontrando correlação em 70% dos casos iniciais. A pesquisa, publicada no Journal of Neurology, explora mecanismos neurológicos como degeneração olfativa. Implicações incluem diagnósticos não-invasivos acessíveis. Especialistas brasileiros comentam potencial para triagem populacional. O Globo destaca avanços em biomarcadores sensoriais.	Alzheimer: detecção pelo cheiro.	FATO	SAÚDE	Não informado
87	https://www.nexojornal.com.br/eventos/2025/09/02/festival-nexo-nexo-politicas-publicas	Nexo Jornal	02/09/2025	Notícia verdadeira. Do Nexo Jornal, com detalhes sobre o Festival Nexo de Políticas Públicas, transmitido no YouTube, incluindo painéis com especialistas em educação e saúde. O evento discute desafios brasileiros como desigualdade, com agenda e palestrantes nomeados. A abordagem independente reforça veracidade. Considere: Eventos jornalísticos são promovidos em canais oficiais, permitindo inscrição e verificação.	O Festival Nexo sobre Políticas Públicas ocorre online via YouTube, reunindo especialistas para debater o futuro do Brasil em áreas como educação, saúde e economia. Painéis incluem discussões sobre reformas fiscais e inclusão social, com palestrantes como economistas e policymakers. O evento é gratuito, com duração de dois dias e interatividade via chat. Temas abordam impacto de políticas em desigualdades regionais. O Nexo promove o festival anualmente desde 2020. Cobertura inclui resumos de edições passadas.	Debates sobre o Brasil em 2025.	FATO	SOCIEDADE	Não informado
88	https://www.embrapa.br/busca-de-noticias/-/noticia/102814277/entre-cheias-secas-e-ciencia-o-pantanal-em-transformacao	Embrapa	03/09/2025	Notícia verdadeira. Da Embrapa, instituto oficial de pesquisa agrícola, com o Programa Fazenda Pantaneira Sustentável avaliando 50 propriedades para práticas eco-friendly. A matéria cita dados de monitoramento climático e biodiversidade, com linguagem técnica baseada em ciência. Isso garante autenticidade. Pense: A Embrapa publica relatórios públicos, acessíveis para corroboração com dados de satélite.	O Programa Fazenda Pantaneira Sustentável da Embrapa avalia 50 propriedades no Pantanal, focando em manejo sustentável entre cheias e secas. Pesquisas incluem monitoramento de solos e fauna, promovendo técnicas como rotação de pastagens para preservar biodiversidade. Dados mostram redução de erosão em 30% nas fazendas participantes. O programa integra ciência com produtores locais, oferecendo treinamentos. Transformações climáticas são discutidas, com adaptações para resiliência. Resultados são compartilhados em workshops anuais.	Pantanal: cheias, secas e ciência.	FATO	MEIO AMBIENTE	Não informado
89	https://agenciabrasil.ebc.com.br/meio-ambiente/noticia/2025-06/marina-silva-alerta-para-golpe-mortal-em-normas-sobre-licenciamento	Agência Brasil	05/06/2025	Notícia verdadeira. Da Agência Brasil, com pronunciamento da ministra Marina Silva no Dia Mundial do Meio Ambiente sobre riscos em normas de licenciamento. A reportagem inclui contexto legal e impactos na Amazônia, citando leis específicas. A fonte estatal reforça credibilidade. Considere: Pronunciamentos ministeriais são registrados em diários oficiais, permitindo verificação.	A ministra do Meio Ambiente, Marina Silva, alertou para um 'golpe mortal' em normas de licenciamento ambiental durante o Dia Mundial do Meio Ambiente. Ela criticou propostas que enfraquecem avaliações de impacto, potencialmente aumentando desmatamento na Amazônia. O pronunciamento ocorreu em evento com ONGs, destacando necessidade de rigor em projetos de infraestrutura. Dados mostram 20% de licenças contestadas judicialmente. A Ministra defendeu integração de sustentabilidade em políticas. A Agência Brasil cobre o tema com entrevistas adicionais.	Meio ambiente: golpe em normas.	FATO	MEIO AMBIENTE	Não informado
90	https://oglobo.globo.com/saude/ciencia/noticia/2025/09/03/sem-sinais-nem-aviso-estudo-de-30-anos-explica-por-que-mulheres-saudaveis-sofrem-infartos.ghtml	O Globo	03/09/2025	Notícia verdadeira. Do O Globo, com estudo de 30 anos publicado em cardiologia explicando infartos em mulheres saudáveis via inflamação silenciosa. A matéria detalha metodologia, com 5.000 participantes, e implicações para prevenção. Linguagem baseada em fatos reforça. Pense: Estudos longitudinais como esse são validados por instituições como AHA, acessíveis online.	Um estudo de 30 anos explica por que mulheres aparentemente saudáveis sofrem infartos, apontando inflamação silenciosa como culpada, sem sintomas clássicos. Pesquisadores analisaram 5.000 mulheres, encontrando marcadores inflamatórios em 60% dos casos. Publicado no European Heart Journal, o trabalho sugere testes de inflamação para triagem. Implicações incluem mudanças em guidelines cardiológicos. Especialistas brasileiros comentam adaptações para saúde pública. O Globo destaca diferenças de gênero em doenças cardíacas.	Infartos: inflamação silenciosa.	FATO	SAÚDE	Não informado
91	https://www.bbc.com/portuguese/articles/cj6r34d6n2wo	BBC News Brasil	09/06/2025	Notícia verdadeira. Da BBC, com análise sobre degradação dos oceanos no Brasil, citando relatórios da ONU e dados de poluição costeira. A reportagem discute tendências de piora devido a plásticos e pesca excessiva, com linguagem investigativa. Credibilidade da BBC em meio ambiente é alta. Considere: Artigos da BBC incluem fontes múltiplas, permitindo cruzamento com dados da UNESCO.	A degradação dos oceanos no Brasil segue uma tendência de piora, com poluição por plásticos afetando 70% das praias, segundo relatórios da ONU. A BBC analisa impactos na pesca, com declínio de 30% em estoques, e mudanças climáticas elevando temperaturas marítimas. Entrevistas com oceanógrafos destacam urgência de políticas marinhas. Exemplos incluem derramamentos de óleo passados. Soluções como áreas protegidas são propostas. A cobertura inclui dados globais para contexto brasileiro.	Oceanos: tendência de piora.	FATO	MEIO AMBIENTE	Não informado
92	https://www.veredas.org/2025/05/18/portal-viva-economia-circular-comeca-a-sair-do-papel-no-brasil-com-plano-nacional/	Instituto Veredas	18/05/2025	Notícia verdadeira. Do Instituto Veredas, um think tank focado em sustentabilidade, com detalhes sobre o Plano Nacional de Economia Circular saindo do papel via políticas governamentais. A matéria cita metas como redução de resíduos em 40% até 2030. Linguagem analítica reforça. Pense: Planos nacionais são divulgados em sites oficiais, permitindo verificação no MMA.	O Portal Viva Economia Circular relata o Plano Nacional começando a ser implementado no Brasil, com foco em reutilização de materiais em indústrias. Metas incluem redução de resíduos plásticos em 40% até 2030, via incentivos fiscais. Parcerias com empresas promovem design sustentável. O Instituto Veredas analisa impactos econômicos, projetando criação de 1 milhão de empregos verdes. Exemplos incluem reciclagem avançada em São Paulo. O plano alinha com ODS da ONU.	Economia circular: saindo do papel.	FATO	ECONOMIA	Não informado
93	https://noticias.ufsc.br/tags/meio-ambiente/	UFSC Notícias	03/09/2025	Notícia verdadeira. Da UFSC, universidade federal, com consulta pública sobre o Plano de Logística Sustentável 2025-2029, incluindo metas de redução de carbono no campus. A página detalha prazos e contribuições, com linguagem acadêmica. Autenticidade de fontes universitárias é alta. Considere: Planos institucionais são públicos, acessíveis no site da UFSC.	A UFSC lança consulta pública para o Plano de Logística Sustentável 2025-2029, visando redução de emissões em 50% via energia renovável e mobilidade verde. Contribuições são aceitas online até outubro, com foco em compras sustentáveis e gestão de resíduos. A iniciativa envolve comunidade acadêmica e externa. Dados incluem auditorias ambientais passadas. Workshops explicam o plano. Alinha com políticas federais de sustentabilidade.	Sustentabilidade na UFSC 2025-2029.	FATO	MEIO AMBIENTE	Não informado
94	https://niddedigital.com/dia-mundial-da-limpeza-2025-brasil-a-frente-da-maior-mobilizacao-ambiental-do-planeta/	Nidde Digital	03/09/2025	Notícia verdadeira. Do Nidde Digital, site dedicado a ações ambientais, apresenta detalhes sobre o Dia Mundial da Limpeza em 20/09/2025, liderado pelo Brasil em mobilização global. A matéria cita participantes e metas de coleta de lixo. Eventos internacionais reforçam credibilidade. Pense: Dias mundiais são coordenados por ONGs como Let's Do It, verificáveis online.	No dia 20 de setembro de 2025, o Brasil realizará a maior ação ambiental coletiva do planeta: o Dia Mundial da Limpeza (World Cleanup Day). Pela segunda vez, o evento está oficialmente inserido no calendário da Organização das Nações Unidas (ONU), consolidando sua importância na agenda climática global. A mobilização nacional é coordenada pelo Instituto Limpa Brasil, representante oficial do movimento internacional Let’s Do It!, que já uniu mais de 211 países e territórios.	Dia Mundial da Limpeza 2025: Brasil realiza maior mobilização ambiental do planeta	FATO	MEIO AMBIENTE	Não informado
95	https://g1.globo.com/sp/sao-paulo/noticia/2025/09/04/posto-no-bixiga-em-sp-recebeu-metanol-desviado-pelo-pcc-para-adulterar-combustivel-e-ja-foi-interditado-ao-menos-4-vezes.ghtml	Portal G1	04/09/2025	A notícia é um fato. A informação, reportada pelo G1 (veículo de credibilidade), é respaldada por decisão judicial que identificou o envolvimento do posto com o PCC, contendo dados específicos: nome exato do estabelecimento (Auto Posto Bixiga Ltda.), localização precisa (ruas Manoel Dutra e João Passalacqua), volume de metanol desviado (10 milhões de litros) e métodos criminosos detalhados (fraudes documentais, lavagem de dinheiro). A linguagem é técnica e factual, alinhada a investigações oficiais, sem sensacionalismo.	O Auto Posto Bixiga Ltda., localizado na esquina da Rua Manoel Dutra com a Rua João Passalacqua, no bairro da Bela Vista, região central de São Paulo, foi identificado pela Justiça como destino de carregamentos de metanol desviado pelo grupo criminoso Primeiro Comando da Capital (PCC) para adulteração de combustíveis. No setor de combustíveis, o esquema criminoso movimentou mais de 10 milhões de litros de metanol, importados de forma regular, mas desviados antes de chegar ao destino. A prática envolvia fraudes documentais, empresas de fachada e lavagem de dinheiro em instituições de pagamento. 	Posto no Bixiga, em SP, recebeu metanol desviado pelo PCC para adulterar combustível e já foi interditado ao menos 4 vezes	FATO	SOCIEDADE	 João de Mari
96	https://www.unesco.org/pt/articles/unesco-dedica-o-dia-internacional-da-educacao-2025-inteligencia-artificial	UNESCO	21/01/2025	A notícia é verdadeira. A UNESCO, órgão oficial da ONU, dedicando o Dia Internacional da Educação 2025 à IA, ganha ainda mais força quando verifica-se que a fonte é o portal da própria UNESCO. A matéria cita eventos em Paris e relatórios sobre IA em salas de aula, além de que uma linguagem institucional garante autenticidade.	A UNESCO dedica o Dia Internacional da Educação 2025 à inteligência artificial, promovendo debates sobre seu uso ético em ensino. Eventos globais incluem conferências em Paris com educadores de 100 países. Relatórios destacam benefícios como personalização de aprendizado, mas alertam para desigualdades digitais. Iniciativas visam guidelines para integração de IA. Parcerias com governos focam em treinamento de professores. A data, 24 de janeiro, celebra avanços educacionais mundiais.	UNESCO foca IA na educação.	FATO	EDUCAÇÃO	Não informado
97	https://www.cnnbrasil.com.br/educacao/dia-internacional-da-educacao-em-2025-e-dedicado-a-inteligencia-artificial/	CNN Brasil	24/01/2025	Notícia verdadeira. Da CNN Brasil, fonte jornalística confiável, com cobertura das celebrações do Dia Internacional da Educação 2025 dedicado à IA, incluindo entrevistas com especialistas brasileiros. A matéria discute impactos na educação nacional, com dados da UNESCO. Credibilidade reforçada por verificação. Considere: A CNN cobre eventos ONU, sendo um dos sites oficiais.	O Dia Internacional da Educação 2025, em 24 de janeiro, é dedicado à IA pela UNESCO, com celebrações globais focando inovação pedagógica. No Brasil, eventos incluem webinars sobre ferramentas de IA em escolas públicas. Especialistas discutem ética e inclusão digital. Dados mostram 50% das escolas brasileiras adotando IA básica. A CNN entrevista educadores sobre desafios como privacidade. Iniciativas promovem equidade no acesso à tecnologia educacional.	Dia Internacional da Educação em 2025 é dedicado à inteligência artificial	FATO	EDUCAÇÃO	Vitor Soares
98	https://www.fundacaotelefonicavivo.org.br/noticias/tecnologia-e-educacao/	Fundação Telefônica Vivo	29/04/2025	Notícia verdadeira. Da Fundação Telefônica Vivo, organização dedicada a educação digital, com lista de 9 tendências em tecnologia e educação para 2025, como IA e VR. A matéria inclui exemplos globais e brasileiros, com linguagem educativa. Autenticidade de fundações em relatórios é alta. Pense: Tendências são baseadas em pesquisas, verificáveis em fontes como OECD.	A Fundação Telefônica Vivo lista 9 tendências em tecnologia e educação para 2025, incluindo IA para personalização de ensino e VR para simulações imersivas. Outras são gamificação, blockchain para certificados e cibersegurança em escolas. Exemplos incluem apps na Índia e projetos brasileiros em periferias. Relatórios citam impacto em engajamento estudantil em 40%. A fundação promove workshops para implementação. Foco em inclusão digital para regiões remotas.	Tecnologia e Educação: 9 tendências que estão transformando o ensino e aprendizagem	FATO	EDUCAÇÃO	Não informado
99	https://jornal.unesp.br/2025/02/04/unesco-celebra-2025-como-o-ano-internacional-da-ciencia-e-tecnologia-quanticas/	Jornal Unesp	04/02/2025	Notícia verdadeira. Do Jornal Unesp, ligado à universidade estadual, com cobertura do Ano Internacional da Ciência e Tecnologia Quânticas pela UNESCO em 2025. A matéria detalha eventos em Paris e no Brasil, com foco em pesquisas quânticas. Linguagem acadêmica reforça. Considere: Anos internacionais da ONU são oficiais, verificáveis em unesco.org.	O início oficial do Ano Internacional das Ciências e Tecnologias Quânticas será marcado por um evento de dois dias organizado pela Unesco. Agendada para as datas de hoje e amanhã, dias 4 e 5 de fevereiro de 2025, a cerimônia ocorrerá realizada na sede da Unesco, em Paris, e contará com transmissão ao vivo pela página do evento. O lançamento promete incentivar a troca de ideias entre participantes e abrir caminhos para colaborações internacionais e interdisciplinares. 	Unesco celebra 2025 como o Ano Internacional da Ciência e Tecnologia Quânticas	FATO	EDUCAÇÃO	Não informado
100	https://agenciabrasil.ebc.com.br/meio-ambiente/noticia/2025-06/ibama-concede-1a-licenca-previa-projeto-eolico-offshore-no-pais	Agência Brasil	24/06/2025	Notícia verdadeira. Publicada com base em comunicado oficial do Ibama, detalhando a primeira licença prévia para um projeto eólico offshore de 24,5 MW em Areia Branca, RN. Cita autoridades como Claudia Barros e processo técnico desde 2017. A linguagem objetiva e institucional reforça credibilidade. Verificável no site do Ibama ou Ministério do Meio Ambiente.	Com capacidade instalada de até 24,5 megawatts (MW), o Sítio de Testes de Aerogeradores Offshore recebeu nesta terça-feira (24) a licença prévia do Instituto Brasileiro do Meio Ambiente e dos Recursos Naturais Renováveis (Ibama). A estrutura será implementada no litoral do município de Areia Branca (RN). É a primeira licença prévia para um projeto de energia eólica offshore (em alto-mar) no país.	Ibama concede 1ª licença prévia a projeto eólico offshore no país	FATO	ECONOMIA	Não informado